"Analysis";"Langauge Code";"Year";"Breakpoint 1";"Breakpoint 2";"alpha";"beta1";"beta2";"intercept"
"Double Breakpoint R";"eng-gb";1910;8.74685104265419;10.4342751052246;-0.995880124776914;-0.437391042407596;-0.317594041531436;17.1656900487129
"Double Breakpoint R";"eng-gb";1800;8.24502654054356;9.83187101117973;-0.985706542837504;-0.357473530848387;-0.361308707880658;15.7045159995995
"Double Breakpoint R";"eng-gb";1801;8.28927579674339;9.80646612090068;-0.995100740565214;-0.378436630332847;-0.385659507993276;16.0456194903935
"Double Breakpoint R";"eng-gb";1802;8.24113000434189;9.78269475991959;-0.970865622317522;-0.410348874732066;-0.388496561347922;15.6921466109336
"Double Breakpoint R";"eng-gb";1803;8.25257525786036;9.8284943591263;-0.996755782060588;-0.380915638691152;-0.398960146197291;16.0131233089058
"Double Breakpoint R";"eng-gb";1804;8.21225345184245;9.72580948229508;-0.976397412387502;-0.392772163863861;-0.37735193002937;15.8372982443547
"Double Breakpoint R";"eng-gb";1805;8.29369493289866;9.80518868019142;-0.986088955174493;-0.395972167615761;-0.361305150421915;16.0462452326897
"Double Breakpoint R";"eng-gb";1806;8.26611924524185;9.74052957696918;-0.982061924407104;-0.361442354972465;-0.407172502225733;16.1819073573471
"Double Breakpoint R";"eng-gb";1807;8.33164752351847;9.79597432463327;-0.982756248411996;-0.365365781681978;-0.371838882904469;16.278935378993
"Double Breakpoint R";"eng-gb";1808;8.29562643738095;9.86755012868298;-1.00695773217088;-0.371179737470157;-0.363672467485208;16.423510987525
"Double Breakpoint R";"eng-gb";1809;8.27747603624501;9.81048849052337;-0.992053015545757;-0.384896763827521;-0.374834811135254;16.2455992180104
"Double Breakpoint R";"eng-gb";1810;8.38082713910029;9.92684592567887;-0.991372884089722;-0.368857652956994;-0.369724322140741;16.6457269785936
"Double Breakpoint R";"eng-gb";1811;8.35337281985372;9.88617163512128;-1.01240953242116;-0.395194534837336;-0.379770436930124;16.5488373691753
"Double Breakpoint R";"eng-gb";1812;8.23076011837976;9.72518602690532;-1.00854359408525;-0.3784538801021;-0.380080144310897;16.6448817211636
"Double Breakpoint R";"eng-gb";1813;8.21453932863274;9.76203778813495;-0.98939113659877;-0.356000349514745;-0.447520920363984;16.4064854381369
"Double Breakpoint R";"eng-gb";1814;8.22941061892467;9.71202832233516;-0.992157167593325;-0.377861998386844;-0.36660052975781;16.3606680373307
"Double Breakpoint R";"eng-gb";1815;8.20553576643964;9.78367262252643;-0.99076546291191;-0.389563148109286;-0.394265664543071;16.3388558105126
"Double Breakpoint R";"eng-gb";1816;8.29455566319291;9.79133685438037;-0.987031843807881;-0.399911215397146;-0.413495531523019;16.3617349621032
"Double Breakpoint R";"eng-gb";1817;8.19906582854353;9.73067552416024;-0.984850646680327;-0.415549055168338;-0.403187001247156;16.3567280631431
"Double Breakpoint R";"eng-gb";1818;8.27154544827109;9.73902455512012;-0.983470781599227;-0.412948063302876;-0.378851470444761;16.3645182474395
"Double Breakpoint R";"eng-gb";1819;8.25664510099685;9.76426741081363;-0.984779818873695;-0.403696405174623;-0.38719725063232;16.2872475617263
"Double Breakpoint R";"eng-gb";1820;8.2519336670131;9.74428194320875;-0.991095994062627;-0.419730961493983;-0.422359050782935;16.7059797212448
"Double Breakpoint R";"eng-gb";1821;8.34877344630105;9.82376996919175;-0.992633332450961;-0.379638205457521;-0.379428281065435;16.5079932549945
"Double Breakpoint R";"eng-gb";1822;8.27546394847404;9.76781686494734;-0.993511436184413;-0.396029508285886;-0.385953611187282;16.7591208525891
"Double Breakpoint R";"eng-gb";1823;8.22246551056742;9.69540529084894;-0.995904386267956;-0.383701790432032;-0.400206820182611;16.7863168237286
"Double Breakpoint R";"eng-gb";1824;8.24908980468452;9.72207921202034;-0.996536895232898;-0.377958681253519;-0.405049592845382;16.9708572378588
"Double Breakpoint R";"eng-gb";1825;8.29696911606187;9.77893553900767;-0.988758331592857;-0.39484340163431;-0.405489673254927;16.9841460762605
"Double Breakpoint R";"eng-gb";1826;8.31466094219796;9.80965659912033;-0.991597689440436;-0.393105159535019;-0.409112281856947;16.7891462716082
"Double Breakpoint R";"eng-gb";1827;8.29640969205165;9.80767896159543;-0.986072498436722;-0.393382319896537;-0.409981195725842;16.6684166052703
"Double Breakpoint R";"eng-gb";1828;8.28361166262256;9.78562891788063;-0.986756155641196;-0.400402050709627;-0.403373343950176;16.7557328830096
"Double Breakpoint R";"eng-gb";1829;8.2732895559462;9.73593093960413;-0.98497675995763;-0.387764701255988;-0.385146303464075;16.7020615399079
"Double Breakpoint R";"eng-gb";1830;8.34181118706578;9.7719154750188;-0.999133067683657;-0.406952292762623;-0.377107438470468;17.0788151076241
"Double Breakpoint R";"eng-gb";1831;8.34175626116483;9.81163079399862;-0.987405968857272;-0.433176445913398;-0.403084232675079;16.7635996626291
"Double Breakpoint R";"eng-gb";1832;8.37776404798709;9.87177498251687;-0.993527846385409;-0.421816971778467;-0.390488500627551;16.7868985123034
"Double Breakpoint R";"eng-gb";1833;8.38665886700428;9.88378396806432;-0.995047517854339;-0.413567839069506;-0.409188099665618;16.8549514305401
"Double Breakpoint R";"eng-gb";1834;8.27637635921528;9.69198527941347;-0.975492217277121;-0.364758318406506;-0.407725831714057;16.6997008923977
"Double Breakpoint R";"eng-gb";1835;8.3077430615324;9.78254576392565;-0.980797039154802;-0.415914731808687;-0.398496410138127;16.8280729293633
"Double Breakpoint R";"eng-gb";1836;8.38609125225185;9.80424838403077;-0.987596525572462;-0.430704958018345;-0.395399296430425;16.8171557351708
"Double Breakpoint R";"eng-gb";1837;8.29260838015618;9.81917441001974;-0.98966950842239;-0.383226188405159;-0.386918270792859;16.9740818501098
"Double Breakpoint R";"eng-gb";1838;8.33851748228552;9.81683526791773;-0.986630326871285;-0.402795376826274;-0.368707381323078;17.0081647525366
"Double Breakpoint R";"eng-gb";1839;8.44670618003589;9.86294483592482;-1.00955669237847;-0.422141134002041;-0.334309400345245;17.2403447937868
"Double Breakpoint R";"eng-gb";1840;8.36657842932476;9.83460783899988;-0.994606159966619;-0.404974615678281;-0.361606413618554;17.1756976244389
"Double Breakpoint R";"eng-gb";1841;8.4524526941417;9.95401041160372;-1.0002524327443;-0.420122561746401;-0.34703985716764;17.0625517898105
"Double Breakpoint R";"eng-gb";1842;8.4115116189937;9.92634162005951;-1.00122591669991;-0.400685764416231;-0.38715407976969;17.0105060734745
"Double Breakpoint R";"eng-gb";1843;8.38878649063203;9.89181877813429;-1.00504044017991;-0.392016375018209;-0.364813537813928;17.1146854638169
"Double Breakpoint R";"eng-gb";1844;8.42321930717051;9.92079959302012;-1.00777939555767;-0.398034431041354;-0.380570465305139;17.2354405531664
"Double Breakpoint R";"eng-gb";1845;8.40287475047999;9.87716204308009;-0.999467887234124;-0.38793143914191;-0.369817694034823;17.2410008344115
"Double Breakpoint R";"eng-gb";1846;8.41491532621135;9.8717134926481;-0.992666683360381;-0.399483807075559;-0.377655591534003;17.1140662945204
"Double Breakpoint R";"eng-gb";1847;8.34799505047592;9.87162033748237;-0.987092331268849;-0.391016957444219;-0.368956785351578;17.1129848654354
"Double Breakpoint R";"eng-gb";1848;8.37396843757024;9.73737500990094;-0.993245356411953;-0.375720760003108;-0.355879266138532;17.1569288478838
"Double Breakpoint R";"eng-gb";1849;8.3714755136153;9.82974285130869;-0.986278442422204;-0.391535847655062;-0.38483092628983;17.0537594889506
"Double Breakpoint R";"eng-gb";1850;8.38670227875132;9.84029313195004;-0.988413731899396;-0.373226198967266;-0.394134967179458;17.1669251910743
"Double Breakpoint R";"eng-gb";1851;8.44407273733494;9.9725940856115;-0.993607323545639;-0.402810409192556;-0.387839689300456;17.1883806659152
"Double Breakpoint R";"eng-gb";1852;8.43914157254446;9.87533512945711;-0.993795172511829;-0.406082965232323;-0.356538279745718;17.3095231029412
"Double Breakpoint R";"eng-gb";1853;8.42599678887548;9.89981883485291;-0.994268760491848;-0.403034611897406;-0.372921077555388;17.4413000665613
"Double Breakpoint R";"eng-gb";1854;8.4761014080642;9.91947597935637;-0.993120943080323;-0.404189619160074;-0.385158502476807;17.4434550876694
"Double Breakpoint R";"eng-gb";1855;8.45269536516668;9.88269996073828;-0.988642893446004;-0.396004969284448;-0.356252432263168;17.2551960856876
"Double Breakpoint R";"eng-gb";1856;8.58377205742099;10.0388946779004;-1.00352033377453;-0.417252718235111;-0.376089594746691;17.30312019343
"Double Breakpoint R";"eng-gb";1857;8.48274687377518;9.94175813712388;-0.995138854273186;-0.379149933982065;-0.397892997181421;17.3420231179868
"Double Breakpoint R";"eng-gb";1858;8.49718317735092;10.0108246034854;-0.988277677215019;-0.394445320896421;-0.374544325017878;17.2528341648369
"Double Breakpoint R";"eng-gb";1859;8.50131292203222;9.98948477211462;-0.992047370183072;-0.41226872459302;-0.391279730698431;17.2283295607525
"Double Breakpoint R";"eng-gb";1860;8.53972543913035;10.0280581524118;-0.996463781473122;-0.412277388455843;-0.379132364041131;17.2823576402213
"Double Breakpoint R";"eng-gb";1861;8.51554779494177;9.98571306038586;-1.00121171759212;-0.399120408924909;-0.397510241834114;17.2029981789628
"Double Breakpoint R";"eng-gb";1862;8.57956336023282;10.0332237653353;-1.00981678430712;-0.421052264287743;-0.362554263989884;17.3149052186155
"Double Breakpoint R";"eng-gb";1863;8.48217946952474;9.94218516133221;-1.00537656491054;-0.391945653943228;-0.393450899465605;17.1982765901945
"Double Breakpoint R";"eng-gb";1864;8.68403165564501;10.1287618423512;-1.01011739758146;-0.414322304084797;-0.368369630984237;17.2659581752085
"Double Breakpoint R";"eng-gb";1865;8.63254105296088;10.0648520336773;-1.00724416799013;-0.403626556744809;-0.340513594016257;17.3842191629542
"Double Breakpoint R";"eng-gb";1866;8.6704495646877;10.1549979427675;-1.0136112208316;-0.417402045832851;-0.347007137131001;17.3927833618214
"Double Breakpoint R";"eng-gb";1867;8.62093410740656;10.0601193513641;-1.00484972376856;-0.41349398538791;-0.329498252542825;17.369343323929
"Double Breakpoint R";"eng-gb";1868;8.63770063104254;10.0708363988084;-1.01350950591041;-0.396885607662817;-0.33388445461909;17.4279534872527
"Double Breakpoint R";"eng-gb";1869;8.74294158184053;10.1836554487891;-1.02078963098421;-0.421562723136331;-0.298712791062817;17.530234656179
"Double Breakpoint R";"eng-gb";1870;8.63632944725698;10.0385433619208;-1.01547224667382;-0.404344165937595;-0.337126924187642;17.49650524219
"Double Breakpoint R";"eng-gb";1871;8.65248374476976;10.1664064595515;-1.012897262902;-0.40909483240795;-0.34681617877838;17.4550976111328
"Double Breakpoint R";"eng-gb";1872;8.61739387112719;10.1255012926804;-1.0069467247938;-0.413357306113276;-0.338460397390773;17.4158676270941
"Double Breakpoint R";"eng-gb";1873;8.68046842574941;10.1586612961512;-1.01864999961121;-0.409046469551494;-0.313911534312202;17.5139489253927
"Double Breakpoint R";"eng-gb";1874;8.6864889810268;10.2022070851427;-1.01720733704626;-0.409089489492747;-0.327945685252189;17.6143559215623
"Double Breakpoint R";"eng-gb";1875;8.70756040017403;10.1432915214087;-1.02151986304833;-0.411987856449756;-0.341398021146184;17.7022888484199
"Double Breakpoint R";"eng-gb";1876;8.63717786191846;10.1192235748903;-1.01084749495937;-0.402159275923057;-0.335428107968153;17.6018178012356
"Double Breakpoint R";"eng-gb";1877;8.67995031448302;10.0986158122732;-1.00424779061418;-0.428928658007949;-0.33099601255241;17.5876891137318
"Double Breakpoint R";"eng-gb";1878;8.706380652966;10.1622697436924;-1.0111913355807;-0.412942498976062;-0.339759837970314;17.606333936121
"Double Breakpoint R";"eng-gb";1879;8.7569564554937;10.2214173199274;-1.02019810755477;-0.428877449665642;-0.306861295336031;17.6440699915459
"Double Breakpoint R";"eng-gb";1880;8.7387784370592;10.2910758351676;-1.01477819984317;-0.434283666310744;-0.325402675545872;17.6643025140082
"Double Breakpoint R";"eng-gb";1881;8.68843454372594;10.2158496567744;-1.00963298139751;-0.431205513045;-0.322476691342867;17.6011794536336
"Double Breakpoint R";"eng-gb";1882;8.67999354440625;10.1459185513969;-1.01341670532158;-0.40962080838576;-0.346436899085957;17.7402051740118
"Double Breakpoint R";"eng-gb";1883;8.74370894367006;10.2518691323182;-1.02482800296218;-0.426199345491445;-0.334257314435891;17.9095752229704
"Double Breakpoint R";"eng-gb";1884;8.70242499773494;10.1468872594623;-1.01603902195359;-0.417833583110386;-0.35288546960465;17.7399631066469
"Double Breakpoint R";"eng-gb";1885;8.72271346371637;10.1947737923512;-1.01535831942194;-0.417399198171482;-0.34167998025331;17.7811436150445
"Double Breakpoint R";"eng-gb";1886;8.68668284618772;10.1252395549079;-1.0035478032869;-0.418890229241634;-0.318288556124366;17.3522404532825
"Double Breakpoint R";"eng-gb";1887;8.69446241960683;10.1660009594524;-1.01044193837601;-0.418842272401399;-0.337874128968675;17.5614289714625
"Double Breakpoint R";"eng-gb";1888;8.75155894771533;10.2542548162756;-1.01428548666684;-0.426062771079493;-0.310079572431932;17.5611725383701
"Double Breakpoint R";"eng-gb";1889;8.7246871049822;10.261223313588;-1.00481017905244;-0.41761784224342;-0.306638414128096;17.4282434465067
"Double Breakpoint R";"eng-gb";1890;8.73059245740902;10.2054101191026;-1.00267663744646;-0.43199528524371;-0.328141189385844;17.404089555783
"Double Breakpoint R";"eng-gb";1891;8.68906692733667;10.2138554189987;-1.00158276847657;-0.427716308562623;-0.30166129320175;17.4720758629709
"Double Breakpoint R";"eng-gb";1892;8.67360010111975;10.2314966520692;-0.998681735604594;-0.432923392048287;-0.302708660365003;17.4693352355767
"Double Breakpoint R";"eng-gb";1893;8.70073831470183;10.2599899808326;-1.0014233073444;-0.432810365096837;-0.334325430811499;17.4792575527367
"Double Breakpoint R";"eng-gb";1894;8.71205384015516;10.2666246944684;-0.998544646803428;-0.416386139658674;-0.304719606266311;17.4130507299179
"Double Breakpoint R";"eng-gb";1895;8.75382717629966;10.3109418021525;-1.01202192224928;-0.422343284138301;-0.303419324461928;17.5946595993087
"Double Breakpoint R";"eng-gb";1896;8.75707008481405;10.2737446013332;-1.00940806594517;-0.428727706650885;-0.313253277245385;17.5616871587131
"Double Breakpoint R";"eng-gb";1897;8.70884723151157;10.309435563384;-1.00137921528127;-0.426221353245775;-0.317707494395288;17.4983359867751
"Double Breakpoint R";"eng-gb";1898;8.74472801463721;10.3113106685957;-1.0034454924418;-0.42831631644082;-0.318743276496405;17.5437131116662
"Double Breakpoint R";"eng-gb";1899;8.69106716882768;10.2714129813963;-1.00352997161297;-0.42806034528695;-0.310356450121158;17.5228123096503
"Double Breakpoint R";"eng-gb";1900;8.65968387473097;10.2757675124044;-0.996126228732862;-0.416711631438634;-0.314277432084916;17.4505042461242
"Double Breakpoint R";"eng-gb";1901;8.77212369924448;10.3795248830479;-1.00552608073761;-0.434220138786514;-0.304072953105162;17.5736863568878
"Double Breakpoint R";"eng-gb";1902;8.7217920831616;10.3180340691648;-1.00092957713064;-0.419818736621952;-0.343100055767654;17.6231295506553
"Double Breakpoint R";"eng-gb";1903;8.69747854966099;10.2497731463322;-1.00055530924686;-0.430912756315455;-0.309001595210492;17.6076387001248
"Double Breakpoint R";"eng-gb";1904;8.6989423394191;10.3172920498291;-0.999377723388453;-0.437228094073862;-0.30978937025323;17.678662403007
"Double Breakpoint R";"eng-gb";1905;8.73814596867737;10.3983367128786;-0.997276872158504;-0.447366948716837;-0.322551612102056;17.5910972586163
"Double Breakpoint R";"eng-gb";1906;8.75703478496865;10.3697314553355;-1.0013315571524;-0.436575971628985;-0.319080771153525;17.7481844375719
"Double Breakpoint R";"eng-gb";1907;8.65408568791283;10.2844844231313;-0.991513133098442;-0.441810085770356;-0.30976863960924;17.6386926554692
"Double Breakpoint R";"eng-gb";1908;8.68028333633792;10.3247363699443;-0.99312770007458;-0.441530467635051;-0.311057808651788;17.6668359444048
"Double Breakpoint R";"eng-gb";1909;8.68322649685058;10.3659456207071;-0.988773802693487;-0.456578347781596;-0.309469757728717;17.0749495782253
"Double Breakpoint R";"eng-gb";1910;8.74637691584477;10.4343284314182;-0.995812349909697;-0.437417268169551;-0.31764698782313;17.1652323036942
"Double Breakpoint R";"eng-gb";1911;8.66276272698459;10.3180284930889;-0.991154427182787;-0.45141328936173;-0.343562929761269;17.1770430678556
"Double Breakpoint R";"eng-gb";1912;8.71315230790383;10.3761495872235;-0.99154614816755;-0.466520471371885;-0.316180599775135;17.2830904952593
"Double Breakpoint R";"eng-gb";1913;8.70503054929317;10.4023006721398;-0.989634374715085;-0.464020083553979;-0.308677933722397;17.1431297617761
"Double Breakpoint R";"eng-gb";1914;8.63724157636434;10.3305695241445;-0.992534209960132;-0.445918399602162;-0.319942262987875;17.0934234735177
"Double Breakpoint R";"eng-gb";1915;8.64745854720677;10.3576411780731;-0.984028679342054;-0.444334724828804;-0.322533768309975;16.7334367483682
"Double Breakpoint R";"eng-gb";1916;8.61350590103183;10.3228925332215;-0.984750226991127;-0.434246444874637;-0.347992185112145;16.4132194677328
"Double Breakpoint R";"eng-gb";1917;8.58593927324393;10.2674096718768;-0.985953894251652;-0.463281818832049;-0.341925752289689;16.4088523126307
"Double Breakpoint R";"eng-gb";1918;8.58100421739496;10.3207288207908;-0.982939471430277;-0.474118882610468;-0.333480729114313;16.3008605408782
"Double Breakpoint R";"eng-gb";1919;8.6317813587998;10.3846499240931;-0.990566763906332;-0.464286062842045;-0.329581542957088;16.6672042268651
"Double Breakpoint R";"eng-gb";1920;8.62057344199748;10.4331932543197;-0.979566599121608;-0.489179002956996;-0.340275214892077;17.0405165793661
"Double Breakpoint R";"eng-gb";1921;8.61032612749714;10.3303767310469;-0.97779036078956;-0.452288612157661;-0.328032917338576;16.907639548897
"Double Breakpoint R";"eng-gb";1922;8.61767430832492;10.3820579853492;-0.980711487683505;-0.448544625631168;-0.328242815252091;16.8843797145162
"Double Breakpoint R";"eng-gb";1923;8.58559850505431;10.2403984594647;-0.984172864927522;-0.435645781351622;-0.287892087732569;17.2060883061955
"Double Breakpoint R";"eng-gb";1924;8.56670625026735;10.2228452508863;-0.983771573845444;-0.432177167576496;-0.315299841186306;17.2022057279979
"Double Breakpoint R";"eng-gb";1925;8.63228882910403;10.2240070908906;-0.9912312884336;-0.431711223802019;-0.306871101664879;17.2485735840354
"Double Breakpoint R";"eng-gb";1926;8.63899670636727;10.3042364991151;-0.987100107602578;-0.437745079976489;-0.270647496994163;17.0740673054672
"Double Breakpoint R";"eng-gb";1927;8.67306725766706;10.312758798629;-0.991852052484014;-0.442064724072207;-0.297932287440354;17.2481880582158
"Double Breakpoint R";"eng-gb";1928;8.68670107620871;10.4018680913133;-0.993618168454713;-0.45514954543563;-0.294000525692984;17.2440872745456
"Double Breakpoint R";"eng-gb";1929;8.7053517816659;10.3792136210597;-0.997758382349475;-0.438811919918605;-0.307616411267092;17.186418491831
"Double Breakpoint R";"eng-gb";1930;8.70331454625091;10.3343372176035;-0.994981622024023;-0.450595184250129;-0.289424546061789;17.2404706039975
"Double Breakpoint R";"eng-gb";1931;8.67335701234597;10.458418022224;-0.992800287872636;-0.452349409386002;-0.32435356049124;17.1942038240276
"Double Breakpoint R";"eng-gb";1932;8.65446942190476;10.4162197885395;-0.996270938244423;-0.457970438191152;-0.337799546875403;17.0904267410894
"Double Breakpoint R";"eng-gb";1933;8.66797946615816;10.4597893734386;-0.991915021616616;-0.472404228745233;-0.312150943187112;16.8987756728784
"Double Breakpoint R";"eng-gb";1934;8.60089850259443;10.3516676120092;-0.979864767331391;-0.45179842337056;-0.34051720790557;16.942402353589
"Double Breakpoint R";"eng-gb";1935;8.61856584295329;10.385655849051;-0.983214932257319;-0.469958675292854;-0.327654185582999;16.9907163356296
"Double Breakpoint R";"eng-gb";1936;8.59921380105695;10.4185859931484;-0.978885058352279;-0.470187132712051;-0.321583903052667;17.0071954113896
"Double Breakpoint R";"eng-gb";1937;8.59813583800541;10.4018972363756;-0.976567512203354;-0.478850745289347;-0.310675419439475;16.9239478266364
"Double Breakpoint R";"eng-gb";1938;8.61735594752639;10.4156380886142;-0.980181202584126;-0.483157395424364;-0.321892746342401;17.0051385418716
"Double Breakpoint R";"eng-gb";1939;8.61320800542378;10.4303169716261;-0.977789300853032;-0.490518028272828;-0.304657623844903;16.8476182146414
"Double Breakpoint R";"eng-gb";1940;8.5114956076477;10.3039252608945;-0.961510570940264;-0.481295284012511;-0.290428802333515;16.533060213967
"Double Breakpoint R";"eng-gb";1941;8.574274822102;10.3213002454083;-0.972626362969291;-0.45573106874373;-0.308800219345383;16.2327144107287
"Double Breakpoint R";"eng-gb";1942;8.47309811709522;10.2733396388224;-0.964508003921915;-0.494837152309465;-0.327994833370825;16.0890828121358
"Double Breakpoint R";"eng-gb";1943;8.48984815752742;10.255319259779;-0.969175347976817;-0.484068493541642;-0.348318377920961;16.1728543497933
"Double Breakpoint R";"eng-gb";1944;8.52144116349019;10.3264963521634;-0.975386531123838;-0.494223684305527;-0.34715286374881;16.1877579740853
"Double Breakpoint R";"eng-gb";1945;8.53840423382646;10.3781729749274;-0.972736974432837;-0.483405997777446;-0.35497240961284;16.4124451817599
"Double Breakpoint R";"eng-gb";1946;8.58018669761583;10.4004210225345;-0.976441006041927;-0.476726953141012;-0.34442662289812;16.8645021825865
"Double Breakpoint R";"eng-gb";1947;8.5721855621146;10.4667693964982;-0.971193336722615;-0.492248459022979;-0.343467981738087;16.9453156296187
"Double Breakpoint R";"eng-gb";1948;8.62241645414853;10.4664591159257;-0.977387457398883;-0.48595057270073;-0.333482085406872;17.0913860993896
"Double Breakpoint R";"eng-gb";1949;8.57733506046716;10.4616245374113;-0.975129381902606;-0.482860533421103;-0.346461603934705;17.218020619328
"Double Breakpoint R";"eng-gb";1950;8.56085941440517;10.4503359332812;-0.9736508282935;-0.472923803122456;-0.348524935671796;17.1746759032911
"Double Breakpoint R";"eng-gb";1951;8.60343636320676;10.4846521283723;-0.979784892476781;-0.48434103082789;-0.320734044623529;17.270083894806
"Double Breakpoint R";"eng-gb";1952;8.59507338345983;10.4595630460419;-0.975010876033894;-0.454397926601912;-0.330632363220723;17.3072984312176
"Double Breakpoint R";"eng-gb";1953;8.56185979502244;10.4242033211171;-0.971451440211001;-0.4677563225279;-0.300909686812395;17.1781595749649
"Double Breakpoint R";"eng-gb";1954;8.56229567076395;10.4260128862548;-0.96646342685914;-0.462099272000046;-0.312002859162844;17.135948144868
"Double Breakpoint R";"eng-gb";1955;8.51569982335995;10.4182685921853;-0.966174957526401;-0.46381781262857;-0.32933001774018;17.1374355697993
"Double Breakpoint R";"eng-gb";1956;8.55142507322416;10.4215833121445;-0.970208851388341;-0.472959998728715;-0.305360752473467;17.2060755195654
"Double Breakpoint R";"eng-gb";1957;8.50718840345743;10.4596919735192;-0.958386560854652;-0.481572043849798;-0.311786383954902;17.2441249873043
"Double Breakpoint R";"eng-gb";1958;8.56269038567078;10.5013852553414;-0.967349590266538;-0.460101092352095;-0.299346997854654;17.2161321384626
"Double Breakpoint R";"eng-gb";1959;8.50312733222451;10.3580678890392;-0.951750334763248;-0.455202787493001;-0.303474551135286;17.0667061582738
"Double Breakpoint R";"eng-gb";1960;8.50076936433431;10.4669731032661;-0.955720802669883;-0.481443597280523;-0.298123973223942;17.3657441344227
"Double Breakpoint R";"eng-gb";1961;8.52686807949068;10.4294941749635;-0.960763783844409;-0.472001088842798;-0.279279305024254;17.4813086533164
"Double Breakpoint R";"eng-gb";1962;8.47417283771834;10.3551406391791;-0.955779912961622;-0.461675278335459;-0.276213245583893;17.501217570592
"Double Breakpoint R";"eng-gb";1963;8.46141483982361;10.3868477195906;-0.950845767925759;-0.449868482492855;-0.304887930909836;17.4491968486029
"Double Breakpoint R";"eng-gb";1964;8.46325164804297;10.4035983685783;-0.947817899334332;-0.467353190311723;-0.279027115848054;17.4477239982024
"Double Breakpoint R";"eng-gb";1965;8.46185822134467;10.3588172770979;-0.947929593348435;-0.459502922009496;-0.278957316703356;17.5598482456386
"Double Breakpoint R";"eng-gb";1966;8.45590146808247;10.4578426894943;-0.949568619024852;-0.476323275915476;-0.276698220800434;17.5786249130778
"Double Breakpoint R";"eng-gb";1967;8.41913174299691;10.3895455498367;-0.945045520309234;-0.461061445849234;-0.264647462383249;17.6096153167903
"Double Breakpoint R";"eng-gb";1968;8.49170710682968;10.4358796394744;-0.950231397668659;-0.472725810613526;-0.284987534711744;17.7235084898271
"Double Breakpoint R";"eng-gb";1969;8.50069832076763;10.4865397735305;-0.946212472573238;-0.480894913052924;-0.279002009896979;17.6960660828201
"Double Breakpoint R";"eng-gb";1970;8.45050350314;10.4064523723015;-0.939690845366732;-0.481037729088181;-0.266843420985271;17.6580183437298
"Double Breakpoint R";"eng-gb";1971;8.45213014950004;10.4133440178637;-0.940318888514208;-0.469488321629449;-0.250584004870833;17.7066082770283
"Double Breakpoint R";"eng-gb";1972;8.42877746783948;10.3914866827416;-0.938696779097484;-0.470527941277535;-0.268666145424691;17.6869828878449
"Double Breakpoint R";"eng-gb";1973;8.42348287646939;10.4259053065998;-0.936228683611566;-0.476872678686923;-0.279413288464757;17.6559194751398
"Double Breakpoint R";"eng-gb";1974;8.42220204298424;10.4242524795504;-0.933243963959194;-0.46869136019501;-0.264983176595765;17.4959554396527
"Double Breakpoint R";"eng-gb";1975;8.41136146332377;10.4293842158561;-0.932023883380788;-0.475138111465534;-0.258311998340299;17.6096742046236
"Double Breakpoint R";"eng-gb";1976;8.43110424267817;10.4473849956636;-0.932683941842904;-0.47368790678836;-0.249736675680147;17.6202483313352
"Double Breakpoint R";"eng-gb";1977;8.4015445540763;10.3983174818219;-0.926661949326956;-0.469938447652957;-0.253441331125772;17.5797554975239
"Double Breakpoint R";"eng-gb";1978;8.43494773670219;10.457866289171;-0.932105934614651;-0.468052002548892;-0.267204090366145;17.616192277428
"Double Breakpoint R";"eng-gb";1979;8.37891816141582;10.3418672201432;-0.926741221603165;-0.465105316352624;-0.258845861801478;17.6140848880692
"Double Breakpoint R";"eng-gb";1980;8.40295719689133;10.39532822424;-0.929929220305084;-0.464936092897244;-0.263604683815444;17.6651388113413
"Double Breakpoint R";"eng-gb";1981;8.40730906819037;10.4309639739716;-0.928142923669208;-0.478505364637484;-0.252478842062034;17.6412050674062
"Double Breakpoint R";"eng-gb";1982;8.42858468333797;10.4718456213465;-0.933010082116958;-0.472531860841066;-0.265504606260717;17.73285297739
"Double Breakpoint R";"eng-gb";1983;8.42536073553556;10.4919974019446;-0.931599181739941;-0.481482396716437;-0.265942863289204;17.7460026642774
"Double Breakpoint R";"eng-gb";1984;8.40293896318809;10.3942132741472;-0.931812979128336;-0.466092187662144;-0.271594258322296;17.7800408112888
"Analysis";"Langauge Code";"Year";"Breakpoint 1";"Breakpoint 2";"alpha";"beta1";"beta2";"intercept"
"Double Breakpoint R";"eng-gb";1985;8.42805213353771;10.3894883688574;-0.930697885993053;-0.469761863132641;-0.263577966904566;17.8377205312877
"Double Breakpoint R";"eng-gb";1986;8.42921878067497;10.4274484388332;-0.932807426028523;-0.478772583799401;-0.26663770767008;17.9133101382904
"Double Breakpoint R";"eng-gb";1987;8.43132856211841;10.4334665295068;-0.931784056646679;-0.480980142218755;-0.264482915981623;17.8697486569663
"Double Breakpoint R";"eng-gb";1988;8.40310548322915;10.422765016219;-0.930134251565742;-0.488274321395217;-0.255417562483829;17.9019666607698
"Double Breakpoint R";"eng-gb";1989;8.42030662927804;10.3911440464927;-0.929902381632474;-0.481548254716033;-0.251759241148639;17.9917673433967
"Double Breakpoint R";"eng-gb";1990;8.42697024942127;10.3884159392129;-0.931699821070375;-0.490887994177684;-0.233062471557233;18.0378893566044
"Double Breakpoint R";"eng-gb";1991;8.39202072597742;10.3781716034603;-0.930274041659156;-0.477856011824818;-0.263657295112189;17.9427631279667
"Double Breakpoint R";"eng-gb";1992;8.39310730105385;10.3275866934472;-0.927451578060988;-0.479886177381621;-0.250854453765212;18.0471587257911
"Double Breakpoint R";"eng-gb";1993;8.37552078304669;10.2788292926205;-0.927131864334883;-0.479498873126716;-0.256458266351692;18.0218145873756
"Double Breakpoint R";"eng-gb";1994;8.36315453431562;10.2714634244989;-0.924602539836295;-0.470102116029145;-0.260402959598327;18.1132967930679
"Double Breakpoint R";"eng-gb";1995;8.40723178612415;10.2591343513224;-0.928172940586407;-0.478251298233693;-0.251810624031089;18.1681650170805
"Double Breakpoint R";"eng-gb";1996;8.37259624326781;10.2239735330104;-0.925519321976434;-0.476123374341455;-0.253716622433574;18.289326775229
"Double Breakpoint R";"eng-gb";1997;8.35313199590648;10.2072233175269;-0.922561723751912;-0.475655971853987;-0.25517575004667;18.2416689155548
"Double Breakpoint R";"eng-gb";1998;8.36499901897126;10.192945282236;-0.92525959441567;-0.477921617585943;-0.248594054898889;18.3680002471154
"Double Breakpoint R";"eng-gb";1999;8.37765132792946;10.2320946681349;-0.92414287359918;-0.48368250355431;-0.245978489269426;18.4116579687181
"Double Breakpoint R";"eng-gb";2000;8.33344690071633;10.1221595500768;-0.91922948232422;-0.479843283297246;-0.245862121367694;18.5722931842947
"Double Breakpoint R";"eng-gb";2001;8.36598821219291;10.1793117228314;-0.920137606364019;-0.481492724576714;-0.252455689932337;18.5294852740853
"Double Breakpoint R";"eng-gb";2002;"Error"
"Double Breakpoint R";"eng-gb";2002;"Error"
"Analysis";"Langauge Code";"Year";"Breakpoint 1";"Breakpoint 2";"alpha";"beta1";"beta2";"intercept"
"Double Breakpoint R";"eng-gb";1800;8.2451133433679;9.83183895351824;-0.985717579350416;-0.357464762298266;-0.361300606945059;15.7045850439636
"Double Breakpoint R";"eng-gb";1801;8.28985699581643;9.80653241237415;-0.995161476214991;-0.378460344360452;-0.385572034764528;16.0460021238359
"Double Breakpoint R";"eng-gb";1802;8.24132749878929;9.78311951273128;-0.970865606768318;-0.410472295212327;-0.388426021307124;15.6921465115439
"Double Breakpoint R";"eng-gb";1803;8.25330624402021;9.82878247163275;-0.996822039761663;-0.380998838790085;-0.398834867948291;16.0135383263095
"Double Breakpoint R";"eng-gb";1804;8.21234917538564;9.7257970491748;-0.976409145189821;-0.39276914765328;-0.377340092768651;15.8373712630666
"Double Breakpoint R";"eng-gb";1805;8.29416508706054;9.80570235193114;-0.986115644588802;-0.396122184177649;-0.361172323410175;16.0464134912156
"Double Breakpoint R";"eng-gb";1806;8.2657061052046;9.74036357198929;-0.982029073792745;-0.361380968277917;-0.407257161623367;16.1817011693881
"Double Breakpoint R";"eng-gb";1807;8.33153594052831;9.79595590418757;-0.982745529837018;-0.365358548667758;-0.371856834729397;16.2788674064746
"Double Breakpoint R";"eng-gb";1808;8.29551942933824;9.86773286277144;-1.00693525650894;-0.37123280073805;-0.363660785365177;16.4233692567421
"Double Breakpoint R";"eng-gb";1809;8.27722861686588;9.81066316799614;-0.992014615444366;-0.384948843652524;-0.374841853283113;16.2453577620276
"Double Breakpoint R";"eng-gb";1810;8.37968029970718;9.92633987122762;-0.991277390054307;-0.368703362542122;-0.369950120613622;16.6451167611078
"Double Breakpoint R";"eng-gb";1811;8.35212286128873;9.88572166173453;-1.01228978450033;-0.395055488154298;-0.380004829174847;16.5480754580841
"Double Breakpoint R";"eng-gb";1812;8.23027007565648;9.72491845226655;-1.00850552507283;-0.378363853263169;-0.380193870958047;16.6446441084313
"Double Breakpoint R";"eng-gb";1813;8.21486720728851;9.76210289363708;-0.989421287901261;-0.356023650967935;-0.447469854056901;16.4066731499168
"Double Breakpoint R";"eng-gb";1814;8.22973851782927;9.71211024444838;-0.992188551695498;-0.377890521492262;-0.366542600003477;16.3608638965635
"Double Breakpoint R";"eng-gb";1815;8.20516193356176;9.78356941031699;-0.990728087871707;-0.389533193476576;-0.394328487755297;16.3386234713012
"Double Breakpoint R";"eng-gb";1816;8.29471023102284;9.79128447219205;-0.987053270168494;-0.399894610805;-0.413483144272893;16.3618700557153
"Double Breakpoint R";"eng-gb";1817;8.1991994843436;9.73075156620298;-0.984862262558773;-0.415574314837327;-0.40315522996901;16.3568002036929
"Double Breakpoint R";"eng-gb";1818;8.27176189355652;9.73906412906342;-0.983494321383043;-0.412963735121668;-0.378812260604114;16.3646661272644
"Double Breakpoint R";"eng-gb";1819;8.25640504195261;9.76420225937945;-0.984755293190302;-0.403674199167466;-0.387241735193985;16.2870938571287
"Double Breakpoint R";"eng-gb";1820;8.25168426720535;9.74434360061536;-0.991061146515652;-0.419751509621198;-0.422381914339185;16.7057614854219
"Double Breakpoint R";"eng-gb";1821;8.34875695426384;9.8237394686209;-0.992633332758422;-0.379628145951261;-0.379436143874223;16.507993257169
"Double Breakpoint R";"eng-gb";1822;8.27518280489718;9.76784732563024;-0.993476843804947;-0.396038170214739;-0.385984926806532;16.7589034088711
"Double Breakpoint R";"eng-gb";1823;8.22246551056742;9.69540529084894;-0.995904386268026;-0.383701790431902;-0.400206820182683;16.7863168237291
"Double Breakpoint R";"eng-gb";1824;8.24938291294545;9.72237498508999;-0.996549258962818;-0.378069691748665;-0.404941402194725;16.9709346393052
"Double Breakpoint R";"eng-gb";1825;8.29719209565481;9.77899253436131;-0.988780252646739;-0.394865672660236;-0.405446770124462;16.9842843429733
"Double Breakpoint R";"eng-gb";1826;8.31504561996714;9.80964877808509;-0.991642595909706;-0.393104481338959;-0.409062964680053;16.789430302475
"Double Breakpoint R";"eng-gb";1827;8.29619697498419;9.80769451720918;-0.986046748360427;-0.393387209017344;-0.410005869518197;16.6682542065939
"Double Breakpoint R";"eng-gb";1828;8.28327568340564;9.78555017500702;-0.986721768355241;-0.400373002675252;-0.403435034229074;16.7555164553766
"Double Breakpoint R";"eng-gb";1829;8.27359387126027;9.73610200012172;-0.985000262900901;-0.387827046381008;-0.385068028416326;16.7022092293821
"Double Breakpoint R";"eng-gb";1830;8.34185965913406;9.77200763174424;-0.999133066012652;-0.406985207880756;-0.377079161570488;17.0788150963815
"Double Breakpoint R";"eng-gb";1831;8.34122519831787;9.81141919705803;-0.987352773388018;-0.433095832351149;-0.403209045749945;16.7632617833527
"Double Breakpoint R";"eng-gb";1832;8.37889497058442;9.87219786035007;-0.99364110848559;-0.421966505424279;-0.390243093191961;16.787622027009
"Double Breakpoint R";"eng-gb";1833;8.38687358940128;9.88359949921474;-0.995085711085843;-0.413504434339668;-0.409195581014827;16.8551957293256
"Double Breakpoint R";"eng-gb";1834;8.27629998574607;9.69171026272065;-0.975502519101262;-0.364652016848567;-0.407806772868002;16.6997656590328
"Double Breakpoint R";"eng-gb";1835;8.30731204807376;9.78239358413489;-0.980754733388282;-0.415856705800778;-0.398591694125921;16.8278056570497
"Double Breakpoint R";"eng-gb";1836;8.38586197694291;9.80447123159884;-0.987554630811085;-0.430778920248904;-0.395385779256958;16.8168877915404
"Double Breakpoint R";"eng-gb";1837;8.29246853725137;9.81939606372286;-0.989638795835355;-0.383302913467215;-0.386886687605016;16.9738882692747
"Double Breakpoint R";"eng-gb";1838;8.33819818220536;9.81646564351642;-0.986615604222692;-0.402669117674709;-0.36883155314465;17.0080712834516
"Double Breakpoint R";"eng-gb";1839;8.4466968548462;9.86292403671611;-1.00955669243484;-0.422134489881181;-0.334315115377188;17.2403447944065
"Double Breakpoint R";"eng-gb";1840;8.36690976032377;9.83444852123119;-0.994654982260646;-0.404924260781521;-0.361596870451407;17.1760089381596
"Double Breakpoint R";"eng-gb";1841;8.45215512153072;9.95380376737033;-1.00022747734199;-0.420058522325351;-0.347119847487317;17.0623905423371
"Double Breakpoint R";"eng-gb";1842;8.41061809337349;9.92629347146463;-1.00112311917783;-0.400668086591701;-0.387281747180508;17.0098460641178
"Double Breakpoint R";"eng-gb";1843;8.38797288888645;9.891228513536;-1.00498244611352;-0.391823048326653;-0.365038248906106;17.1143144066755
"Double Breakpoint R";"eng-gb";1844;8.42241425868668;9.92032796215199;-1.007715078237;-0.397871678229104;-0.380776983939689;17.2350268270728
"Double Breakpoint R";"eng-gb";1845;8.40282020639363;9.8772849494335;-0.999454018356585;-0.387972868235929;-0.369796935538637;17.2409119014269
"Double Breakpoint R";"eng-gb";1846;8.41599730472221;9.87224834281598;-0.992758541565288;-0.399680973358964;-0.377385460927932;17.1146564699963
"Double Breakpoint R";"eng-gb";1847;8.34850327808213;9.87168756184034;-0.987147258462564;-0.391038108506174;-0.368879699596263;17.1133341091639
"Double Breakpoint R";"eng-gb";1848;8.37488410429951;9.73740717359226;-0.993339657239338;-0.375757177341785;-0.355742724024628;17.1575308893553
"Double Breakpoint R";"eng-gb";1849;8.37217108793219;9.83004360206422;-0.986338182290003;-0.39164972744799;-0.38466704766789;17.0541407248202
"Double Breakpoint R";"eng-gb";1850;8.38607750080749;9.84017412140666;-0.988354002688913;-0.373176177856082;-0.394243762122208;17.1665431666918
"Double Breakpoint R";"eng-gb";1851;8.44352041694139;9.97259949354843;-0.993540689421571;-0.402813496034297;-0.38790926848612;17.1879506820049
"Double Breakpoint R";"eng-gb";1852;8.43838003914463;9.87476861072007;-0.993739921617594;-0.405881457897107;-0.356776109317633;17.3091668362362
"Double Breakpoint R";"eng-gb";1853;8.4265570838729;9.89988478172886;-0.994330632990355;-0.403061018057827;-0.372831179414023;17.4416982666228
"Double Breakpoint R";"eng-gb";1854;8.47691147309347;9.91978302682422;-0.993195622934748;-0.404311432279085;-0.38496977907118;17.4439394233941
"Double Breakpoint R";"eng-gb";1855;8.45357788664017;9.88301530742694;-0.988724515482884;-0.396124915283377;-0.356057295044274;17.2557235380274
"Double Breakpoint R";"eng-gb";1856;8.58451552004801;10.0389097783433;-1.00360903914093;-0.417267759329824;-0.375978204567351;17.3037049744182
"Double Breakpoint R";"eng-gb";1857;8.48308559729926;9.9423140452677;-0.995138855298897;-0.379359050407424;-0.397710161940754;17.3420231244949
"Double Breakpoint R";"eng-gb";1858;8.49729582961417;10.010843816886;-0.988289618856935;-0.394451782956543;-0.374525920841909;17.2529118591814
"Double Breakpoint R";"eng-gb";1859;8.50198620417598;9.98978790613136;-0.992108936361281;-0.412379067115304;-0.391119126806562;17.2287303788038
"Double Breakpoint R";"eng-gb";1860;8.53906264507754;10.0279190850126;-0.996392457980894;-0.412226408187234;-0.379253462912525;17.2818906062616
"Double Breakpoint R";"eng-gb";1861;8.51485512777737;9.9856171791738;-1.00113755002259;-0.399079699179018;-0.397626454907776;17.2025143103523
"Double Breakpoint R";"eng-gb";1862;8.57853597113056;10.0328995986347;-1.00971091169752;-0.420932565985373;-0.362772409311793;17.3142078051531
"Double Breakpoint R";"eng-gb";1863;8.48205010579275;9.94218481904561;-1.00536189425599;-0.391944076677352;-0.393468506938252;17.1981813608265
"Double Breakpoint R";"eng-gb";1864;8.68531165842613;10.1297263159982;-1.01021355786359;-0.414658068092333;-0.367986097082388;17.2666017020259
"Double Breakpoint R";"eng-gb";1865;8.63261385456383;10.065192098004;-1.00723373732222;-0.40373457232578;-0.340432361392986;17.3841498965328
"Double Breakpoint R";"eng-gb";1866;8.66945643206827;10.1544355315431;-1.01352200962955;-0.417222612354738;-0.347253491052072;17.3921876232641
"Double Breakpoint R";"eng-gb";1867;8.62169989664749;10.0603473723411;-1.00492848542591;-0.413575057795591;-0.329341498668611;17.3698654827745
"Double Breakpoint R";"eng-gb";1868;8.6373364008112;10.0709282429427;-1.0134630687687;-0.396907958844185;-0.333916763625553;17.4276448989837
"Double Breakpoint R";"eng-gb";1869;8.74283973954877;10.1836133269713;-1.02077933517032;-0.421549626417448;-0.298735343465731;17.5301651584549
"Double Breakpoint R";"eng-gb";1870;8.6362404053032;10.0389705172611;-1.01543888088464;-0.404477286427785;-0.337048426049762;17.496283551798
"Double Breakpoint R";"eng-gb";1871;8.65258385256112;10.1668152257234;-1.01288567879388;-0.409219399871949;-0.346726065184371;17.4550204583696
"Double Breakpoint R";"eng-gb";1872;8.61809062319811;10.1254997845704;-1.00703183795774;-0.41335825940184;-0.338366741563536;17.4164315624926
"Double Breakpoint R";"eng-gb";1873;8.67962755092975;10.1587586265267;-1.01854458123602;-0.409067240916531;-0.31401020920473;17.5132439064985
"Double Breakpoint R";"eng-gb";1874;8.68740217971541;10.2022144672818;-1.01731753877825;-0.409091996805334;-0.327823838392966;17.6150936601628
"Double Breakpoint R";"eng-gb";1875;8.70809287061153;10.1430627089472;-1.02159559637341;-0.411924265463739;-0.341369108486158;17.7027974225194
"Double Breakpoint R";"eng-gb";1876;8.63883111035769;10.1198651377254;-1.01100578641091;-0.402365921989135;-0.335077768300433;17.6028698230717
"Double Breakpoint R";"eng-gb";1877;8.6795534694089;10.0988809235539;-1.00418482088857;-0.429003404626541;-0.330999972449055;17.5872680085943
"Double Breakpoint R";"eng-gb";1878;8.70545699370851;10.1617750927421;-1.01110881640517;-0.412777329732841;-0.339992454872948;17.6057799682603
"Double Breakpoint R";"eng-gb";1879;8.75712450576745;10.2212556568464;-1.02022714675981;-0.428834624652013;-0.306865292177661;17.6442664214853
"Double Breakpoint R";"eng-gb";1880;8.73870835370466;10.2910917863459;-1.01476818749773;-0.434288595478662;-0.325409471846667;17.664234970791
"Double Breakpoint R";"eng-gb";1881;8.6882957631961;10.2159194119987;-1.00961134883885;-0.431225680088922;-0.322483259051043;17.6010346067442
"Double Breakpoint R";"eng-gb";1882;8.6809292101399;10.1460376620784;-1.01352128205868;-0.409667330047202;-0.346282669613046;17.7409046039335
"Double Breakpoint R";"eng-gb";1883;8.74450215664431;10.2523918729734;-1.0248981488941;-0.426357504736255;-0.334046843045655;17.9100487857158
"Double Breakpoint R";"eng-gb";1884;8.7020396839811;10.1465934865371;-1.01600977881962;-0.417732094389173;-0.353005507073692;17.7397668968925
"Double Breakpoint R";"eng-gb";1885;8.72284272697938;10.1952253284819;-1.015348099784;-0.417541864501761;-0.341567934459952;17.781074837154
"Double Breakpoint R";"eng-gb";1886;8.68662134960622;10.1252793142184;-1.00353835157476;-0.418900795373418;-0.318290062898611;17.3521771804966
"Double Breakpoint R";"eng-gb";1887;8.69485536056703;10.1659478742668;-1.01049283435883;-0.418829582680515;-0.337829013448091;17.561770097066
"Double Breakpoint R";"eng-gb";1888;8.75164565593407;10.2546660064529;-1.01427513768259;-0.426175708179979;-0.309997186873926;17.5611025914099
"Double Breakpoint R";"eng-gb";1889;8.72504152990256;10.2616758186705;-1.00483081404202;-0.417737800923388;-0.306517227494096;17.4283823684274
"Double Breakpoint R";"eng-gb";1890;8.73016908723962;10.2053171565919;-1.00262840438155;-0.431964005117514;-0.328220702398845;17.4037645776725
"Double Breakpoint R";"eng-gb";1891;8.68861179593209;10.2134799489367;-1.00154423650638;-0.427616480623691;-0.30178688082712;17.4718178256915
"Double Breakpoint R";"eng-gb";1892;8.67430350555725;10.2316382766502;-0.998765957488077;-0.432955266396972;-0.30259178420219;17.4698979846694
"Double Breakpoint R";"eng-gb";1893;8.70044068719664;10.2598564339276;-1.00139220536605;-0.432774058117739;-0.334388624174149;17.4790489115713
"Double Breakpoint R";"eng-gb";1894;8.71139308123142;10.2665387123523;-0.998466489639257;-0.416367876985678;-0.304818801257713;17.4125255706372
"Double Breakpoint R";"eng-gb";1895;8.75420049464469;10.3107642908754;-1.01207853161485;-0.42229392133994;-0.303398805387799;17.5950423509677
"Double Breakpoint R";"eng-gb";1896;8.7568387214031;10.2737590177792;-1.0093779457993;-0.428731535805517;-0.31328297027469;17.5614834180467
"Double Breakpoint R";"eng-gb";1897;8.70900597872614;10.3092328748567;-1.0014111389415;-0.426163996932836;-0.317719989556131;17.4985504001746
"Double Breakpoint R";"eng-gb";1898;8.74354261422556;10.3108700422796;-1.0033165841258;-0.428205652827389;-0.318972452131109;17.5428427874876
"Double Breakpoint R";"eng-gb";1899;8.69107551530487;10.2712400553152;-1.00354041379077;-0.428013836748498;-0.310383519427685;17.5228822585878
"Double Breakpoint R";"eng-gb";1900;8.6589710966365;10.2753255228683;-0.996059739914647;-0.416605330537355;-0.31443470260771;17.4500609656999
"Double Breakpoint R";"eng-gb";1901;8.77216494385517;10.3797966737775;-1.0055171514326;-0.434289311478033;-0.304027141046367;17.5736258223134
"Double Breakpoint R";"eng-gb";1902;8.72214330881369;10.3181145852815;-1.00096968478188;-0.419837429143012;-0.343042090110476;17.6233994481017
"Double Breakpoint R";"eng-gb";1903;8.69747051693881;10.2497538624968;-1.00055530937352;-0.430907532333066;-0.309006006955055;17.6076387009638
"Double Breakpoint R";"eng-gb";1904;8.69944735406715;10.3174442531407;-0.999437191675393;-0.437258832362789;-0.309701358129595;17.6790612442687
"Double Breakpoint R";"eng-gb";1905;8.73786025133062;10.3982100181837;-0.997244377678902;-0.447340502891808;-0.322606471061819;17.5908780738495
"Double Breakpoint R";"eng-gb";1906;8.75681732486624;10.3696735361744;-1.00130571433101;-0.43656407052797;-0.319117852746769;17.7480096283613
"Double Breakpoint R";"eng-gb";1907;8.65417600314878;10.2844733222341;-0.991526103570962;-0.441805039215118;-0.309759306196003;17.6387790636003
"Double Breakpoint R";"eng-gb";1908;8.68092201245839;10.324654539324;-0.993219953384175;-0.441492604146507;-0.310993045089861;17.6674529589421
"Double Breakpoint R";"eng-gb";1909;8.68330224219174;10.3659260189195;-0.988785642105522;-0.456571503805298;-0.309462078895335;17.075028794317
"Double Breakpoint R";"eng-gb";1910;8.74646051745161;10.4343302897132;-0.995823688900433;-0.437415424081598;-0.317636360020366;17.1653088826662
"Double Breakpoint R";"eng-gb";1911;8.66346398126255;10.3181015393862;-0.991248234238476;-0.451416867075864;-0.343460766811024;17.1776688395622
"Double Breakpoint R";"eng-gb";1912;8.71303915774854;10.3758490090141;-0.991546149596885;-0.466447330923958;-0.316234460387362;17.2830905056196
"Double Breakpoint R";"eng-gb";1913;8.70500537086734;10.4019860627247;-0.989647418595105;-0.463945392650924;-0.308716354550069;17.1432173192059
"Double Breakpoint R";"eng-gb";1914;8.63711083834444;10.330238264082;-0.992534207304681;-0.44583945044969;-0.319997860847453;17.093423457604
"Double Breakpoint R";"eng-gb";1915;8.64688750859822;10.3577427317464;-0.983943529230522;-0.444375923821922;-0.322598072244353;16.7328700704816
"Double Breakpoint R";"eng-gb";1916;8.61354000398487;10.3227304760116;-0.984763610439579;-0.434206396912493;-0.34799688034984;16.4133080870375
"Double Breakpoint R";"eng-gb";1917;8.58601565488111;10.2673530412314;-0.985967797503694;-0.463266646801855;-0.341917632689251;16.4089439929248
"Double Breakpoint R";"eng-gb";1918;8.58017821664903;10.3198846166765;-0.982858393542841;-0.4739606889533;-0.333618647472187;16.3003263312607
"Double Breakpoint R";"eng-gb";1919;8.63125754704399;10.3841581716172;-0.990515425856776;-0.464192972787262;-0.329678393449285;16.666863355446
"Double Breakpoint R";"eng-gb";1920;8.62082820434958;10.4333860427819;-0.979595591373354;-0.489213601632746;-0.340225968741996;17.0407087589932
"Double Breakpoint R";"eng-gb";1921;8.61021951457785;10.3308059172143;-0.977750736587801;-0.452400367244575;-0.327997722806804;16.9073773002472
"Double Breakpoint R";"eng-gb";1922;8.61815907471229;10.3823820775964;-0.980762710672473;-0.448604385579763;-0.328152945888494;16.8847191270398
"Double Breakpoint R";"eng-gb";1923;8.58579127076364;10.2404410396339;-0.984196799902601;-0.435651195105748;-0.287862738840683;17.2062461324579
"Double Breakpoint R";"eng-gb";1924;8.56717997875158;10.2232866523887;-0.983810381272826;-0.432281530037505;-0.315176337223394;17.2024609115903
"Double Breakpoint R";"eng-gb";1925;8.63168491682134;10.2236191264485;-0.991172612454717;-0.431617960064087;-0.307009048678134;17.2481839722835
"Double Breakpoint R";"eng-gb";1926;8.63963499435761;10.3048490406068;-0.987158097631542;-0.437863289871264;-0.270497036467454;17.0744527904127
"Double Breakpoint R";"eng-gb";1927;8.67336487904086;10.3128239685364;-0.991889313681084;-0.442074274873894;-0.297885472947071;17.2484369968776
"Double Breakpoint R";"eng-gb";1928;8.6867300235247;10.4019485021626;-0.993618165358523;-0.455167124387122;-0.293987904893905;17.2440872534452
"Double Breakpoint R";"eng-gb";1929;8.70562351297722;10.3792694362756;-0.997792600194843;-0.438818464922202;-0.307575648443763;17.1866481935335
"Double Breakpoint R";"eng-gb";1930;8.70280298016542;10.3340789619412;-0.994923535596522;-0.450544265742807;-0.289525169599908;17.2400808054201
"Double Breakpoint R";"eng-gb";1931;8.67441526053539;10.4586688862578;-0.992940277516389;-0.452363653028795;-0.32420399353897;17.1951391758131
"Double Breakpoint R";"eng-gb";1932;8.6544163837507;10.4163151404489;-0.996257660046059;-0.457996283013662;-0.337797173281278;17.090338278461
"Double Breakpoint R";"eng-gb";1933;8.66750303764379;10.4594515547739;-0.991860185445867;-0.472351284663417;-0.312233327365718;16.8984096073674
"Double Breakpoint R";"eng-gb";1934;8.6002834907145;10.3515275754811;-0.979784377805891;-0.4517861949272;-0.340607258818447;16.941871081547
"Double Breakpoint R";"eng-gb";1935;8.61781682745304;10.3857075547391;-0.983099106702278;-0.470003212327607;-0.327743021164252;16.9899488346831
"Double Breakpoint R";"eng-gb";1936;8.5993440078356;10.4186766787493;-0.97889980566191;-0.470201969985443;-0.321560112463762;17.0072928561846
"Double Breakpoint R";"eng-gb";1937;8.59805930966983;10.4019396165371;-0.976553321829628;-0.478864179828852;-0.310681218793103;16.9238540837321
"Double Breakpoint R";"eng-gb";1938;8.6169940495766;10.4158216100289;-0.980114272375769;-0.483218434670601;-0.321921753719489;17.0046951120943
"Double Breakpoint R";"eng-gb";1939;8.6135716198017;10.431425906114;-0.977789283750911;-0.490739220221034;-0.30453619127516;16.8476180992235
"Double Breakpoint R";"eng-gb";1940;8.51073953253833;10.3036884237749;-0.961404955673123;-0.481280958390213;-0.290542485284781;16.5323716229214
"Double Breakpoint R";"eng-gb";1941;8.5745758495505;10.3215362294721;-0.972658428710547;-0.455770309255739;-0.308750470799405;16.2329254919466
"Double Breakpoint R";"eng-gb";1942;8.47173527785463;10.272746134171;-0.964321229006014;-0.49477319497302;-0.328195899815818;16.0878722403593
"Double Breakpoint R";"eng-gb";1943;8.48963353427654;10.2556224165884;-0.969126206984032;-0.484145781843644;-0.34834258638045;16.1725350050971
"Double Breakpoint R";"eng-gb";1944;8.52132715605783;10.3268007661166;-0.975352776134572;-0.494294086172138;-0.347173771116819;16.1875375503461
"Double Breakpoint R";"eng-gb";1945;8.53933045263171;10.3783850731343;-0.972870591728351;-0.483407913593875;-0.354844751304427;16.4133200262495
"Double Breakpoint R";"eng-gb";1946;8.57982528435485;10.4002756719006;-0.976393633719029;-0.476709469686849;-0.344482937901424;16.8641900740564
"Double Breakpoint R";"eng-gb";1947;8.57238337494591;10.4670446214976;-0.971208788666042;-0.492302232564072;-0.343424498767417;16.9454173157815
"Double Breakpoint R";"eng-gb";1948;8.62138304178984;10.4657653714564;-0.977264268739502;-0.485840318027143;-0.333668511738688;17.0905693895491
"Double Breakpoint R";"eng-gb";1949;8.57793565814003;10.4618736837285;-0.975209667765317;-0.482886191580538;-0.346368752088658;17.2185493636665
"Double Breakpoint R";"eng-gb";1950;8.56010606611661;10.4497716614185;-0.973569112888835;-0.472825738922342;-0.348665640966139;17.1741391241763
"Double Breakpoint R";"eng-gb";1951;8.6041389846787;10.4849224274217;-0.979881748017638;-0.484360786029912;-0.320628861088158;17.2707243116846
"Double Breakpoint R";"eng-gb";1952;8.5962504545752;10.4603706456202;-0.975136867841843;-0.454534647770373;-0.330413510504691;17.3081304149624
"Double Breakpoint R";"eng-gb";1953;8.56271535186022;10.4249134406487;-0.971543256179087;-0.46786873723869;-0.300742377039589;17.1787628692739
"Double Breakpoint R";"eng-gb";1954;8.56208756372592;10.4262498253381;-0.966417440388297;-0.462168231479776;-0.311999119957648;17.1356459859179
"Double Breakpoint R";"eng-gb";1955;8.51551324698847;10.4180540355655;-0.966159630649874;-0.463776521319721;-0.329372684098414;17.1373355693474
"Double Breakpoint R";"eng-gb";1956;8.55173114182009;10.4216422920582;-0.970253447404995;-0.472954952534818;-0.305321201440582;17.2063680773218
"Double Breakpoint R";"eng-gb";1957;8.50642310299943;10.4593691040867;-0.958281538494475;-0.481552916308739;-0.311897987248239;17.2434407071733
"Double Breakpoint R";"eng-gb";1958;8.56254809690166;10.5015087394735;-0.967320152097316;-0.46013884123635;-0.299348865650448;17.2159386991808
"Double Breakpoint R";"eng-gb";1959;8.50296580639273;10.3579450621828;-0.951733311880696;-0.455182655260701;-0.303506343195072;17.0665953121214
"Double Breakpoint R";"eng-gb";1960;8.50064670299522;10.466921245187;-0.955703825120963;-0.481441139905221;-0.298141730678914;17.3656336129628
"Double Breakpoint R";"eng-gb";1961;8.52662032527958;10.4293781020785;-0.960731122993716;-0.471991995779333;-0.27931797722782;17.481095187446
"Double Breakpoint R";"eng-gb";1962;8.47404310872655;10.3550748263559;-0.955763649808322;-0.46166867000536;-0.276234536304641;17.5011121288655
"Double Breakpoint R";"eng-gb";1963;8.46142034900702;10.3868606662647;-0.950845769096521;-0.449871333119235;-0.304885639640127;17.4491968563517
"Double Breakpoint R";"eng-gb";1964;8.46340958037901;10.4037307714083;-0.947835127740126;-0.467371639218401;-0.278995791911915;17.4478355167117
"Double Breakpoint R";"eng-gb";1965;8.46148397531993;10.3586036858883;-0.947884420860432;-0.4594782396394;-0.279022017782308;17.5595559272626
"Double Breakpoint R";"eng-gb";1966;8.45564077033882;10.4577330440794;-0.949532321685202;-0.4763205969183;-0.276734645378202;17.5783902374611
"Double Breakpoint R";"eng-gb";1967;8.41913174299691;10.3895455498367;-0.945045520309234;-0.461061445849234;-0.264647462383249;17.6096153167903
"Double Breakpoint R";"eng-gb";1968;8.49169632329891;10.4358517737598;-0.950231394845239;-0.472720021447801;-0.284992313198987;17.7235084709594
"Double Breakpoint R";"eng-gb";1969;8.50178465612453;10.4876131389039;-0.946326427149482;-0.4810505313504;-0.2787671507234;17.6968079729241
"Double Breakpoint R";"eng-gb";1970;8.45053606095331;10.4065427358995;-0.939690852494067;-0.481055381376747;-0.266828662530342;17.6580183892241
"Double Breakpoint R";"eng-gb";1971;8.45253487535798;10.4135846994622;-0.940370562060675;-0.469507465531232;-0.25051780281278;17.7069421870823
"Double Breakpoint R";"eng-gb";1972;8.42876831755667;10.3914622594203;-0.938696776912699;-0.470523109414998;-0.268670234740731;17.686982873388
"Double Breakpoint R";"eng-gb";1973;8.42348287646939;10.4259053065998;-0.936228683611566;-0.476872678686923;-0.279413288464757;17.6559194751398
"Double Breakpoint R";"eng-gb";1974;8.42206751323912;10.424165929833;-0.93322727052286;-0.468683609277607;-0.265005452667002;17.4958480673904
"Double Breakpoint R";"eng-gb";1975;8.41123067113114;10.4293182567631;-0.932006143351826;-0.475135278554088;-0.258331273490207;17.6095602918177
"Double Breakpoint R";"eng-gb";1976;8.43109558297855;10.4473601457527;-0.932683940900194;-0.473683458441896;-0.249740395973779;17.6202483267868
"Double Breakpoint R";"eng-gb";1977;8.40154455407631;10.3983174818219;-0.926661950664918;-0.469938446026128;-0.253441331436263;17.5797555082345
"Double Breakpoint R";"eng-gb";1978;8.4347920504435;10.4577446422987;-0.932087989525778;-0.468038346245805;-0.26723253044509;17.6160766272279
"Double Breakpoint R";"eng-gb";1979;8.37892307573697;10.3418804543059;-0.926741223199119;-0.465107879197976;-0.258843645519882;17.614084898515
"Double Breakpoint R";"eng-gb";1980;8.4028094580244;10.3952227719923;-0.929911827872221;-0.464924633172176;-0.263631228782952;17.665027275723
"Double Breakpoint R";"eng-gb";1981;8.4073090681903;10.4309639739716;-0.92814292367538;-0.478505364628435;-0.252478842065273;17.641205067453
"Double Breakpoint R";"eng-gb";1982;8.42858468333797;10.4718456213465;-0.933010082116958;-0.472531860841066;-0.265504606260717;17.73285297739
"Double Breakpoint R";"eng-gb";1983;8.42536073553557;10.4919974019446;-0.931599182506321;-0.481482395803582;-0.265942863446067;17.7460026704503
"Double Breakpoint R";"eng-gb";1984;8.40279001584442;10.3941461880702;-0.931793141162562;-0.466088949461624;-0.27161619300973;17.77991359383
"Double Breakpoint R";"eng-gb";1985;8.42832248997839;10.3895867273529;-0.930735616604888;-0.469762643326228;-0.263540613913019;17.8379634399804
"Double Breakpoint R";"eng-gb";1986;8.42880551825514;10.4272696964618;-0.93274983705154;-0.478767335346053;-0.266697822797229;17.9129393285792
"Double Breakpoint R";"eng-gb";1987;8.43132856211841;10.4334665295068;-0.931784056646679;-0.480980142218755;-0.264482915981623;17.8697486569663
"Double Breakpoint R";"eng-gb";1988;8.4031054832292;10.422765016219;-0.930134251570526;-0.488274321388256;-0.255417562486289;17.9019666608061
"Double Breakpoint R";"eng-gb";1989;8.42030662927804;10.3911440464927;-0.929902381632474;-0.481548254716033;-0.251759241148639;17.9917673433967
"Double Breakpoint R";"eng-gb";1990;8.42602690728239;10.3876652578939;-0.931581288513565;-0.490813517880303;-0.233244138459058;18.0371264597733
"Double Breakpoint R";"eng-gb";1991;8.39202072597742;10.3781716034603;-0.930274041659156;-0.477856011824818;-0.263657295112189;17.9427631279667
"Double Breakpoint R";"eng-gb";1992;8.39310730105385;10.3275866934472;-0.927451578060988;-0.479886177381621;-0.250854453765212;18.0471587257911
"Double Breakpoint R";"eng-gb";1993;8.37552078304669;10.2788292926205;-0.927131864334883;-0.479498873126716;-0.256458266351692;18.0218145873756
"Double Breakpoint R";"eng-gb";1994;8.36347412324758;10.271632337577;-0.924643399781197;-0.470118127802326;-0.260348045905708;18.1135572295145
"Double Breakpoint R";"eng-gb";1995;8.40723178612415;10.2591343513224;-0.928172940586407;-0.478251298233693;-0.251810624031089;18.1681650170805
"Double Breakpoint R";"eng-gb";1996;8.37677686905139;10.225960242066;-0.926070707969789;-0.476305763563309;-0.252999355513967;18.2928471138806
"Double Breakpoint R";"eng-gb";1997;8.35409663919588;10.2076804334748;-0.922688856450604;-0.475697904202752;-0.255010532933357;18.2424780307358
"Double Breakpoint R";"eng-gb";1998;8.36499901897126;10.192945282236;-0.92525959441567;-0.477921617585943;-0.248594054898889;18.3680002471154
"Double Breakpoint R";"eng-gb";1999;8.37766109324177;10.2321221977908;-0.924142876547475;-0.483688198931274;-0.245973169417565;18.4116579878999
"Double Breakpoint R";"eng-gb";2000;8.33344690071633;10.1221595500768;-0.91922948232422;-0.479843283297246;-0.245862121367694;18.5722931842947
"Double Breakpoint R";"eng-gb";1800;8.24491595180014;9.83164879930875;-0.985706536767025;-0.357415506799105;-0.361340245496348;15.7045159604212
"Double Breakpoint R";"eng-gb";1801;8.28945044688392;9.8065965838473;-0.99511266765479;-0.378476819366703;-0.38561939966296;16.045694625627
"Double Breakpoint R";"eng-gb";1802;8.24217460404367;9.78340906930259;-0.970952027582529;-0.410559258431409;-0.388272548238749;15.6926868681627
"Double Breakpoint R";"eng-gb";1803;8.25308021414489;9.82901521392895;-0.996782388970174;-0.381068330798233;-0.398840754972031;16.0132899564371
"Double Breakpoint R";"eng-gb";1804;8.2124186762406;9.72614650896076;-0.976397417569007;-0.392873153864272;-0.377284710071791;15.8372982771052
"Double Breakpoint R";"eng-gb";1805;8.29428188632391;9.80546251554568;-0.986142228283049;-0.396054573981821;-0.361186760099395;16.046581092678
"Double Breakpoint R";"eng-gb";1806;8.26557359881477;9.74031757560465;-0.98201808297445;-0.361363764929903;-0.40728294495046;16.1816321894377
"Double Breakpoint R";"eng-gb";1807;8.3313811246976;9.79567389637188;-0.982745533571929;-0.365266871434779;-0.37192848202608;16.2788674317771
"Double Breakpoint R";"eng-gb";1808;8.29514132887661;9.86738653874959;-1.00691305286906;-0.371135045717002;-0.363753619264952;16.4232292494156
"Double Breakpoint R";"eng-gb";1809;8.27707894140191;9.81059122716622;-0.992001745834706;-0.384926938659404;-0.374872063595752;16.2452768438703
"Double Breakpoint R";"eng-gb";1810;8.38032891006984;9.92661542767224;-0.991332039753687;-0.36878730058887;-0.369824316210972;16.6454659615526
"Double Breakpoint R";"eng-gb";1811;8.3533201220042;9.88606658866543;-1.01240952970067;-0.395162629966398;-0.379792652176412;16.5488373510868
"Double Breakpoint R";"eng-gb";1812;8.2306025676097;9.72510707029597;-1.00853092284878;-0.378427232095038;-0.380115386430176;16.6448026294069
"Double Breakpoint R";"eng-gb";1813;8.21523011881017;9.76222225894142;-0.989451244589494;-0.356066882685857;-0.447404029382349;16.406859666454
"Double Breakpoint R";"eng-gb";1814;8.2289382225061;9.7119476279247;-0.992109800028674;-0.377832579800793;-0.366677312755047;16.360372457016
"Double Breakpoint R";"eng-gb";1815;8.20562341687095;9.78363982002115;-0.990777844934276;-0.38955222679257;-0.394259699598457;16.3389327865383
"Double Breakpoint R";"eng-gb";1816;8.29447093343303;9.79134891842763;-0.987021163018972;-0.399914640911228;-0.41350529589581;16.3616676213036
"Double Breakpoint R";"eng-gb";1817;8.19876930712368;9.73065374693859;-0.98481548268581;-0.41554153572689;-0.403232240151146;16.3565096909018
"Double Breakpoint R";"eng-gb";1818;8.27211304247794;9.73918127800382;-0.983529403860952;-0.413006208772221;-0.378739046091967;16.3648865351783
"Double Breakpoint R";"eng-gb";1819;8.25654641428218;9.76427670504534;-0.984767556181607;-0.40369877126319;-0.387209541792645;16.2871707088872
"Double Breakpoint R";"eng-gb";1820;8.25191804825919;9.74425363639726;-0.991095992755163;-0.419720585325038;-0.422367275020521;16.7059797127876
"Double Breakpoint R";"eng-gb";1821;8.34932533736762;9.82369466220407;-0.992698660362392;-0.379619674005619;-0.379368238580378;16.5084086739511
"Double Breakpoint R";"eng-gb";1822;8.27503065590979;9.76756736689085;-0.993476849767089;-0.395942739323498;-0.386062776280901;16.7589034470411
"Double Breakpoint R";"eng-gb";1823;8.22235903437316;9.69554292225594;-0.995883454305629;-0.383749969434514;-0.400189928763888;16.7861863464159
"Double Breakpoint R";"eng-gb";1824;8.24900461667069;9.7221239967161;-0.996524464269507;-0.377974530987457;-0.405049698217812;16.9707794212331
"Double Breakpoint R";"eng-gb";1825;8.29719792330202;9.77916325179081;-0.988769334148583;-0.394928306884387;-0.405405479425297;16.9842154739138
"Double Breakpoint R";"eng-gb";1826;8.31508933334885;9.8097241957004;-0.991642598338653;-0.393131630596152;-0.409040898346984;16.7894303176397
"Double Breakpoint R";"eng-gb";1827;8.29674404414427;9.80787631389069;-0.986098119671327;-0.3934527646815;-0.409896513265548;16.6685782030696
"Double Breakpoint R";"eng-gb";1828;8.2836564630043;9.78570846879187;-0.98675615479642;-0.400430241679094;-0.403350351438006;16.7557328776624
"Double Breakpoint R";"eng-gb";1829;8.27357921510721;9.73607574915781;-0.985000262307533;-0.387817822722821;-0.38507574649657;16.7022092256748
"Double Breakpoint R";"eng-gb";1830;8.34210810966795;9.77166096030075;-0.999183330830304;-0.406868755703204;-0.377123441260105;17.0791343785065
"Double Breakpoint R";"eng-gb";1831;8.34123833571148;9.81144491937465;-0.987352773382806;-0.433105009297328;-0.403201678222292;16.7632617833152
"Double Breakpoint R";"eng-gb";1832;8.37848673121502;9.87219830311189;-0.993590644784093;-0.421963651640801;-0.390302131421982;16.7872996427145
"Double Breakpoint R";"eng-gb";1833;8.38753679008093;9.88386258860992;-0.995148819744354;-0.413600987132716;-0.409048256120006;16.8555994392328
"Double Breakpoint R";"eng-gb";1834;8.27652709736159;9.69206652442484;-0.975502510306883;-0.364791986935744;-0.407685175013926;16.6997656024315
"Double Breakpoint R";"eng-gb";1835;8.30756912070512;9.78243832508595;-0.980782980820567;-0.415874919148255;-0.398545234631138;16.8279841113638
"Double Breakpoint R";"eng-gb";1836;8.38650259400628;9.80461314861219;-0.987624324813028;-0.430844079869283;-0.395252356437622;16.8173335435474
"Double Breakpoint R";"eng-gb";1837;8.2923832211186;9.81924941097021;-0.989638794761343;-0.383252566280929;-0.386929160433577;16.973888262503
"Double Breakpoint R";"eng-gb";1838;8.33804756078804;9.81641584463236;-0.986600944032198;-0.402651386089476;-0.368862733222603;17.0079782167877
"Double Breakpoint R";"eng-gb";1839;8.44703193657256;9.86288403686371;-1.00959913350358;-0.422129163854846;-0.33427236633913;17.2406187908703
"Double Breakpoint R";"eng-gb";1840;8.36742207768084;9.83464584491421;-0.994703452298882;-0.404994348402912;-0.361483369424593;17.1763180372118
"Double Breakpoint R";"eng-gb";1841;8.45232532210167;9.95373537027896;-1.00025243396543;-0.42003844781774;-0.347108745987893;17.0625517975876
"Double Breakpoint R";"eng-gb";1842;8.4107012928923;9.92644783449628;-1.00112310946163;-0.400719933222997;-0.387239868215889;17.0098459993238
"Double Breakpoint R";"eng-gb";1843;8.38830127277849;9.89184974832397;-1.00498244147623;-0.392025061756167;-0.364869750259806;17.1143143761889
"Double Breakpoint R";"eng-gb";1844;8.42257541762694;9.92082772248891;-1.00770216422306;-0.398041527460454;-0.380649126846101;17.2349437669227
"Double Breakpoint R";"eng-gb";1845;8.40280656300611;9.87703837086133;-0.999467885489416;-0.387888921955636;-0.369854474252311;17.241000822311
"Double Breakpoint R";"eng-gb";1846;8.41534321579968;9.87187545420427;-0.992706099675914;-0.399544633473279;-0.377560079893397;17.1143195229916
"Double Breakpoint R";"eng-gb";1847;8.34785404185664;9.87157699717578;-0.987078677711478;-0.39100285341283;-0.368983539963639;17.1128980586185
"Double Breakpoint R";"eng-gb";1848;8.37382976942032;9.73732829370475;-0.993233492797723;-0.375700609882626;-0.355910456539924;17.156853116987
"Double Breakpoint R";"eng-gb";1849;8.37232064582245;9.83030801681433;-0.986338185249476;-0.391745166264608;-0.384584431003046;17.0541407437245
"Double Breakpoint R";"eng-gb";1850;8.38617485505953;9.8401519532269;-0.988366021857644;-0.373168932651522;-0.394237071766473;17.1666200370905
"Double Breakpoint R";"eng-gb";1851;8.44399316536868;9.97285368995007;-0.993580603616602;-0.402899526325822;-0.387794202401174;17.1882082359628
"Double Breakpoint R";"eng-gb";1852;8.43888415193848;9.87552405220982;-0.993753783652401;-0.406142893868176;-0.356530575603357;17.309256215518
"Double Breakpoint R";"eng-gb";1853;8.42649460534106;9.89996171069518;-0.994318328849059;-0.403087500380391;-0.372821071941276;17.4416190765681
"Double Breakpoint R";"eng-gb";1854;8.47691844154081;9.92017864868;-0.993170767794837;-0.404455363270212;-0.384869626040736;17.4437782149292
"Double Breakpoint R";"eng-gb";1855;8.45456835378911;9.88305919516094;-0.988834625852455;-0.396154728461496;-0.355910939994369;17.2564352258693
"Double Breakpoint R";"eng-gb";1856;8.58451552004803;10.0389097783433;-1.00360903914148;-0.417267759328695;-0.375978204568037;17.3037049744223
"Double Breakpoint R";"eng-gb";1857;8.48238669069608;9.9417457691321;-0.995100001530343;-0.379142072478;-0.397942097327589;17.3417709036069
"Double Breakpoint R";"eng-gb";1858;8.49692781969716;10.0105467149781;-0.988265716256572;-0.394351353557802;-0.37463765725724;17.252756345492
"Double Breakpoint R";"eng-gb";1859;8.50172880829616;9.98968773962725;-0.992084367355194;-0.412342408872387;-0.391176989146733;17.2285704190434
"Double Breakpoint R";"eng-gb";1860;8.5388529600186;10.0280814804422;-0.996356834894181;-0.412280419339039;-0.379247030354517;17.2816573654029
"Double Breakpoint R";"eng-gb";1861;8.51515706939343;9.98558587505448;-1.00117463802685;-0.399071444594942;-0.397592258556697;17.2027562629077
"Double Breakpoint R";"eng-gb";1862;8.57936756399413;10.0330424687929;-1.0098036031929;-0.42099060445199;-0.362620425913259;17.3148183824998
"Double Breakpoint R";"eng-gb";1863;8.48270221553358;9.94242407975128;-1.00542059746523;-0.392036178054015;-0.393325953783011;17.1985624290001
"Double Breakpoint R";"eng-gb";1864;8.68489332618414;10.1296038375263;-1.01017090129458;-0.414611121005588;-0.368072868491469;17.2663162154836
"Double Breakpoint R";"eng-gb";1865;8.6332440079084;10.0651770028896;-1.0073074900355;-0.403740357575079;-0.340345596820004;17.3846396773109
"Double Breakpoint R";"eng-gb";1866;8.67031231135219;10.1548977566509;-1.01360015725108;-0.417370396256925;-0.347045398731572;17.3927094744497
"Double Breakpoint R";"eng-gb";1867;8.62005632690492;10.0596568369556;-1.00477033816816;-0.413340033629121;-0.329718277496487;17.3688171149316
"Double Breakpoint R";"eng-gb";1868;8.63927817414788;10.0715767757319;-1.0136488284238;-0.397139153983494;-0.333512217681882;17.4288794954806
"Double Breakpoint R";"eng-gb";1869;8.7430254159784;10.1832249210567;-1.02082052059896;-0.421447455023298;-0.298775573338174;17.5304431702872
"Double Breakpoint R";"eng-gb";1870;8.63611374314067;10.0384978319006;-1.01545001859332;-0.404324827268313;-0.337168489727475;17.4963575515773
"Double Breakpoint R";"eng-gb";1871;8.65316275036473;10.1668295679246;-1.01295490134524;-0.409224528396831;-0.346646059796794;17.4554815425564
"Double Breakpoint R";"eng-gb";1872;8.61856126079012;10.1258718520713;-1.0070681112848;-0.413471054031555;-0.338232760542244;17.4166719282848
"Double Breakpoint R";"eng-gb";1873;8.67969741233409;10.1583085484809;-1.01857628744233;-0.408941076376045;-0.314081316743094;17.5134559365156
"Double Breakpoint R";"eng-gb";1874;8.68633187651287;10.2016688823645;-1.01721823739952;-0.408932485490713;-0.328065653091213;17.6144288939303
"Double Breakpoint R";"eng-gb";1875;8.70775463597304;10.1433146293996;-1.02154153768318;-0.411998287606151;-0.341365067133763;17.7024343939623
"Double Breakpoint R";"eng-gb";1876;8.63776504320613;10.1194458570359;-1.01090401313396;-0.402230950321925;-0.335304843325809;17.6021933871932
"Double Breakpoint R";"eng-gb";1877;8.67952668844155;10.0986260866562;-1.00419537888218;-0.428923479441086;-0.331058294074145;17.5873386126304
"Double Breakpoint R";"eng-gb";1878;8.70591875739091;10.1620218412683;-1.01115009163352;-0.412859737740686;-0.339876281632312;17.6060570448226
"Double Breakpoint R";"eng-gb";1879;8.75677434253794;10.2211602990652;-1.02018839855928;-0.428804248849499;-0.306933777668514;17.6440043192823
"Double Breakpoint R";"eng-gb";1880;8.73948939433007;10.2911170386377;-1.01486851097524;-0.434290895164328;-0.325299091605289;17.6649118049304
"Double Breakpoint R";"eng-gb";1881;8.6886679206709;10.2154090278732;-1.00968711348099;-0.431079392868959;-0.322523530437027;17.6015419299065
"Double Breakpoint R";"eng-gb";1882;8.67959439168183;10.145641219148;-1.01338534057202;-0.409528346319776;-0.346551427910061;17.7399954306317
"Double Breakpoint R";"eng-gb";1883;8.74449305223869;10.252015281787;-1.02491841882978;-0.426244352747748;-0.334121062244086;17.9101856441556
"Double Breakpoint R";"eng-gb";1884;8.7023274479793;10.1465184321756;-1.01604880780886;-0.417711597686522;-0.352980381149324;17.7400287692197
"Double Breakpoint R";"eng-gb";1885;8.72228381954541;10.194576470242;-1.01531737304547;-0.417333837903621;-0.341781023950937;17.7808680405376
"Double Breakpoint R";"eng-gb";1886;8.6865249562595;10.1254196821084;-1.00351949987306;-0.418940077406131;-0.318277556618062;17.3520509835381
"Double Breakpoint R";"eng-gb";1887;8.69436824367595;10.1657962468233;-1.01044193668325;-0.418778726584455;-0.337928162946238;17.5614289591906
"Double Breakpoint R";"eng-gb";1888;8.75176969224683;10.2547670212403;-1.01428548295194;-0.426203814467483;-0.309962508224105;17.5611725139879
"Double Breakpoint R";"eng-gb";1889;8.72515296156752;10.2617441314976;-1.00484114712641;-0.417755725881228;-0.306491248783697;17.4284519365188
"Double Breakpoint R";"eng-gb";1890;8.73090324397981;10.2054192685141;-1.00271522438681;-0.432000969019588;-0.328093695250976;17.40434956265
"Double Breakpoint R";"eng-gb";1891;8.68858099391963;10.2137782563494;-1.00152494794413;-0.427696480074458;-0.301740518114908;17.4716886649569
"Double Breakpoint R";"eng-gb";1892;8.67373358909577;10.2312273458268;-0.998713268311409;-0.432850830260096;-0.302735289081819;17.4695459177218
"Double Breakpoint R";"eng-gb";1893;8.70032840986658;10.2599649715991;-1.00137138082562;-0.432806256497372;-0.334384812207308;17.4789092217285
"Double Breakpoint R";"eng-gb";1894;8.71119556180497;10.2664403360662;-0.998446949506173;-0.416343068971889;-0.304860370339396;17.412394287823
"Double Breakpoint R";"eng-gb";1895;8.75387055041975;10.3105037552557;-1.01205021765669;-0.42222766832976;-0.303483717885058;17.5948509070282
"Double Breakpoint R";"eng-gb";1896;8.75580659646661;10.2733825343186;-1.00926681969995;-0.428627028892996;-0.31349091698569;17.5607318291994
"Double Breakpoint R";"eng-gb";1897;8.70901339215748;10.3092502297433;-1.00141113874441;-0.426168590014955;-0.317716268654767;17.4985503989358
"Double Breakpoint R";"eng-gb";1898;8.74320400499615;10.3108585396633;-1.00327348365266;-0.428205585564999;-0.319018822989664;17.5425518394662
"Double Breakpoint R";"eng-gb";1899;8.69066554181855;10.271223054781;-1.00348811214774;-0.428014164544378;-0.310439108030252;17.5225319145296
"Double Breakpoint R";"eng-gb";1900;8.65919142766889;10.2754333502233;-0.996081903284403;-0.416630423304668;-0.314390755067376;17.4502087222469
"Double Breakpoint R";"eng-gb";1901;8.77225390623684;10.3793475518422;-1.00555276476431;-0.434172449811503;-0.304082680714456;17.5738672573313
"Double Breakpoint R";"eng-gb";1902;8.72245017875939;10.3179370118313;-1.00101974725823;-0.419780246949253;-0.343036122831555;17.6237363598482
"Double Breakpoint R";"eng-gb";1903;8.69793761593831;10.2500648278281;-1.00059904006337;-0.430989200299713;-0.308890265632313;17.6079319288891
"Double Breakpoint R";"eng-gb";1904;8.6991580935246;10.317457999884;-0.999397498350286;-0.43726827847296;-0.309735240283939;17.6787950245663
"Double Breakpoint R";"eng-gb";1905;8.73812723687182;10.3982915362281;-0.997276871049502;-0.447355319911747;-0.322560795912891;17.5910972511293
"Double Breakpoint R";"eng-gb";1906;8.7564375685058;10.3696869230712;-1.00125403977391;-0.436574901470386;-0.319163320242592;17.7476601097829
"Double Breakpoint R";"eng-gb";1907;8.65389163072895;10.2842447766737;-0.991500174687423;-0.441749999758066;-0.309832433833843;17.6386063312753
"Double Breakpoint R";"eng-gb";1908;8.67983598949825;10.3242663115974;-0.993093135558035;-0.441415650996255;-0.311189034581315;17.6666047985457
"Double Breakpoint R";"eng-gb";1909;8.68362601852324;10.3659049462771;-0.988832939761795;-0.45655737665558;-0.309422168557824;17.075345272399
"Double Breakpoint R";"eng-gb";1910;8.74627456618438;10.4342792399753;-0.99580101532726;-0.437407940902031;-0.317665382738513;17.1651557561145
"Double Breakpoint R";"eng-gb";1911;8.66340267940379;10.3179554406724;-0.991248235901917;-0.451378272289941;-0.343488919326029;17.1776688498428
"Double Breakpoint R";"eng-gb";1912;8.71272711731198;10.3759059173543;-0.991497803329847;-0.466469848406756;-0.316268919166102;17.2827656060351
"Double Breakpoint R";"eng-gb";1913;8.70445148138628;10.4019279445658;-0.989569829082198;-0.463948659330645;-0.3087951553119;17.1426965175335
"Double Breakpoint R";"eng-gb";1914;8.63730723381037;10.3300134859925;-0.992574073407366;-0.445777504422951;-0.319999785807155;17.0936883746797
"Double Breakpoint R";"eng-gb";1915;8.64742550257135;10.3577818235207;-0.984016574913557;-0.444369195824196;-0.32252553197188;16.7333561889883
"Double Breakpoint R";"eng-gb";1916;8.61482009709888;10.3232281160593;-0.984910606890607;-0.434293083317129;-0.347798963487647;16.4142815493261
"Double Breakpoint R";"eng-gb";1917;8.58592901650128;10.2676496938616;-0.985939943278412;-0.463339059839919;-0.341914268839194;16.408760317348
"Double Breakpoint R";"eng-gb";1918;8.58125041234987;10.3208159464076;-0.982971875871617;-0.474130037630359;-0.333442976946594;16.3010740691047
"Double Breakpoint R";"eng-gb";1919;8.63099758420413;10.3839151929888;-0.990489899911481;-0.464147004014397;-0.329726406989404;16.6666938822848
"Double Breakpoint R";"eng-gb";1920;8.62095547987624;10.4334816764429;-0.979610116827272;-0.489230718240005;-0.340201425362016;17.0408050463958
"Double Breakpoint R";"eng-gb";1921;8.61037351789748;10.3304961907257;-0.977790359178239;-0.452317095317702;-0.328013501853625;16.9076395388625
"Double Breakpoint R";"eng-gb";1922;8.61774036153411;10.3824436657279;-0.980699032624098;-0.448636253345388;-0.328197214756469;16.8842971905664
"Double Breakpoint R";"eng-gb";1923;8.58606649629827;10.2404698561771;-0.984232630117536;-0.435651206142403;-0.287825269979865;17.2064824076745
"Double Breakpoint R";"eng-gb";1924;8.56715605517523;10.2232297313171;-0.983810378801078;-0.432267137712524;-0.315187774883422;17.2024608947111
"Double Breakpoint R";"eng-gb";1925;8.63192078559147;10.2239824488271;-0.991184242411555;-0.431709787428346;-0.306922540096122;17.2482611921872
"Double Breakpoint R";"eng-gb";1926;8.63990390906003;10.3048952450058;-0.987192595883656;-0.437866536922215;-0.270458355212237;17.0746821333136
"Double Breakpoint R";"eng-gb";1927;8.67346349756433;10.3130826825683;-0.991889321494172;-0.442135716184891;-0.297837869124648;17.2484370491033
"Double Breakpoint R";"eng-gb";1928;8.68760053015879;10.4025700906599;-0.993711244756576;-0.455280742192393;-0.293810162733154;17.2447103969821
"Double Breakpoint R";"eng-gb";1929;8.70590013140278;10.3793396989598;-0.997826725587411;-0.438828397910311;-0.307532544763647;17.1868772881017
"Double Breakpoint R";"eng-gb";1930;8.70290520887789;10.3343636897275;-0.994923534805348;-0.450609627238356;-0.289475444281341;17.2400807993733
"Double Breakpoint R";"eng-gb";1931;8.67333477639424;10.4583615476759;-0.992800289756369;-0.452336650613417;-0.32436188224854;17.1942038373887
"Double Breakpoint R";"eng-gb";1932;8.65445656952933;10.4159581624756;-0.996284177512534;-0.457905853084491;-0.337825738110246;17.0905149448816
"Double Breakpoint R";"eng-gb";1933;8.66768614926911;10.4594595188316;-0.991887609072091;-0.472344877956549;-0.312209322181676;16.8985926719834
"Double Breakpoint R";"eng-gb";1934;8.60073288559746;10.3514912111325;-0.979851360500219;-0.451759371156941;-0.340556749208169;16.94231374605
"Double Breakpoint R";"eng-gb";1935;8.61797852483532;10.3853709535803;-0.983142644271479;-0.469914156752816;-0.327755608833831;16.9902373133895
"Double Breakpoint R";"eng-gb";1936;8.59857305277491;10.4184151814978;-0.978796693398177;-0.470179441843844;-0.321675594785795;17.0066115791576
"Double Breakpoint R";"eng-gb";1937;8.59855033460586;10.4020386161107;-0.976624118919808;-0.478862608401694;-0.310611994365761;16.9243217937952
"Double Breakpoint R";"eng-gb";1938;8.61713077851617;10.4154872375735;-0.980154503794003;-0.483132703839749;-0.321934475921855;17.0049616500259
"Double Breakpoint R";"eng-gb";1939;8.61338018224058;10.4314552870736;-0.977757237354885;-0.490755411949213;-0.304558739563664;16.8474059075729
"Double Breakpoint R";"eng-gb";1940;8.51137426409092;10.304152386002;-0.96148037848334;-0.481348719611666;-0.290427685691229;16.532863353106
"Double Breakpoint R";"eng-gb";1941;8.5743235533482;10.3211123870694;-0.972642416539015;-0.455690166641981;-0.308800777978863;16.2328200859869
"Double Breakpoint R";"eng-gb";1942;8.47252666704405;10.2732267855795;-0.964422881147902;-0.494838774701814;-0.328078345955255;16.0885310491347
"Double Breakpoint R";"eng-gb";1943;8.49014816475064;10.255258733113;-0.969224712528602;-0.484043362252959;-0.348276366712813;16.1731751661045
"Double Breakpoint R";"eng-gb";1944;8.520664841755;10.3264069694912;-0.975268055956436;-0.494238420947288;-0.347266305608389;16.1869843651843
"Double Breakpoint R";"eng-gb";1945;8.53911506275369;10.3783134588994;-0.972840773515221;-0.483402342252238;-0.354874899526526;16.4131247789256
"Double Breakpoint R";"eng-gb";1946;8.57980045986804;10.4002111808392;-0.97639363460145;-0.476694828781785;-0.344491227688918;16.8641900799008
"Double Breakpoint R";"eng-gb";1947;8.57224472668761;10.4671784499524;-0.97117787572453;-0.492343472202512;-0.343431093710844;16.9452138879024
"Double Breakpoint R";"eng-gb";1948;8.62153401380903;10.4656508238408;-0.977295185209652;-0.485803906481535;-0.33366068444562;17.0907743454913
"Double Breakpoint R";"eng-gb";1949;8.57805105260909;10.4616591674663;-0.975242045171598;-0.482824022174133;-0.346377532668085;17.2187626113251
"Double Breakpoint R";"eng-gb";1950;8.56111320089518;10.4501991816815;-0.973699738932339;-0.472872531443163;-0.348511361181378;17.1749972222147
"Double Breakpoint R";"eng-gb";1951;8.60378488709878;10.4847869878232;-0.979832886600922;-0.48435101664959;-0.320681797769841;17.2704012243854
"Double Breakpoint R";"eng-gb";1952;8.5957437477372;10.4596639277488;-0.975105394537006;-0.454384471994536;-0.330550260533706;17.3079225705453
"Double Breakpoint R";"eng-gb";1953;8.56222092520363;10.4246450207642;-0.971482052381397;-0.467836445939878;-0.30082417922549;17.1783607065819
"Double Breakpoint R";"eng-gb";1954;8.56306789916449;10.4264569897254;-0.966555195548886;-0.462159731206911;-0.311871647619476;17.1365511872602
"Double Breakpoint R";"eng-gb";1955;8.51561698869564;10.4183073315766;-0.966159628386878;-0.463832809534703;-0.329334392028043;17.1373355557779
"Double Breakpoint R";"eng-gb";1956;8.55097327009628;10.421651092401;-0.97013395861056;-0.473003647085534;-0.305402579764129;17.2055842522578
"Double Breakpoint R";"eng-gb";1957;8.50726323947602;10.4596488130971;-0.958401506872951;-0.481556201929004;-0.311783425030468;17.2442223775119
"Double Breakpoint R";"eng-gb";1958;8.56278037571145;10.5018709945883;-0.967334898208279;-0.460204511879438;-0.299290259570794;17.2160355947791
"Double Breakpoint R";"eng-gb";1959;8.50354723340521;10.3579928205539;-0.951818132235093;-0.455160164911832;-0.303440409725576;17.0671476610225
"Double Breakpoint R";"eng-gb";1960;8.50064670299522;10.466921245187;-0.955703825120963;-0.481441139905221;-0.298141730678914;17.3656336129628
"Double Breakpoint R";"eng-gb";1961;8.52662032527958;10.4293781020785;-0.960731122993716;-0.471991995779333;-0.27931797722782;17.481095187446
"Double Breakpoint R";"eng-gb";1962;8.47403793987213;10.3550610428398;-0.955763648374841;-0.461665843224071;-0.276236849732218;17.5011121190702
"Double Breakpoint R";"eng-gb";1963;8.46142034900702;10.3868606662647;-0.950845769096521;-0.449871333119235;-0.304885639640127;17.4491968563517
"Double Breakpoint R";"eng-gb";1964;8.46353820222106;10.4037848850683;-0.94785236768421;-0.467374419907933;-0.278977004797296;17.4479471112511
"Double Breakpoint R";"eng-gb";1965;8.46173706300138;10.3587547935003;-0.947914568126574;-0.459496501029877;-0.278977342663243;17.5597510124376
"Double Breakpoint R";"eng-gb";1966;8.45564077033882;10.4577330440794;-0.949532321685202;-0.4763205969183;-0.276734645378202;17.5783902374611
"Double Breakpoint R";"eng-gb";1967;8.41913174299691;10.3895455498367;-0.945045520309234;-0.461061445849234;-0.264647462383249;17.6096153167903
"Double Breakpoint R";"eng-gb";1968;8.49169632329891;10.4358517737598;-0.950231394845239;-0.472720021447801;-0.284992313198987;17.7235084709594
"Double Breakpoint R";"eng-gb";1969;8.50178465612453;10.4876131389039;-0.946326425646139;-0.481050533195426;-0.278767150349303;17.6968079607652
"Double Breakpoint R";"eng-gb";1970;8.45053606095331;10.4065427358995;-0.939690852494067;-0.481055381376747;-0.266828662530342;17.6580183892241
"Double Breakpoint R";"eng-gb";1971;8.45225539455162;10.4133963477301;-0.940336130569991;-0.469489530384106;-0.250566311926538;17.7067196918188
"Double Breakpoint R";"eng-gb";1972;8.4286479774665;10.3914151859403;-0.938680168796686;-0.470521969513582;-0.268687236965434;17.6868759467599
"Double Breakpoint R";"eng-gb";1973;8.42348287646939;10.4259053065998;-0.936228683611566;-0.476872678686923;-0.279413288464757;17.6559194751398
"Double Breakpoint R";"eng-gb";1974;8.42206751323912;10.424165929833;-0.93322727052286;-0.468683609277607;-0.265005452667002;17.4958480673904
"Double Breakpoint R";"eng-gb";1975;8.41123067113114;10.4293182567631;-0.932006143351826;-0.475135278554088;-0.258331273490207;17.6095602918177
"Double Breakpoint R";"eng-gb";1976;8.43151837582094;10.4476089360103;-0.932739411731109;-0.473698801200393;-0.249674626247374;17.6206056195972
"Double Breakpoint R";"eng-gb";1977;8.40168933613209;10.3984029813422;-0.926680563174757;-0.469944643880154;-0.253418185898739;17.5798748408843
"Double Breakpoint R";"eng-gb";1978;8.43480585643479;10.4577812904503;-0.932087994204041;-0.46804532014434;-0.26722672716554;17.6160766601059
"Double Breakpoint R";"eng-gb";1979;8.37892307573697;10.3418804543059;-0.926741223199119;-0.465107879197976;-0.258843645519882;17.614084898515
"Double Breakpoint R";"eng-gb";1980;8.40281984508849;10.3952502400452;-0.929911831577771;-0.464929947330799;-0.263626683198068;17.6650273016976
"Double Breakpoint R";"eng-gb";1981;8.4073090681903;10.4309639739716;-0.92814292367538;-0.478505364628435;-0.252478842065273;17.641205067453
"Double Breakpoint R";"eng-gb";1982;8.42858961447007;10.4718587791854;-0.93301008249433;-0.472534344942812;-0.265502524977682;17.7328529787505
"Double Breakpoint R";"eng-gb";1983;8.42549434081441;10.492043335028;-0.931618994772359;-0.481479940938801;-0.265926185623551;17.7461301663009
"Double Breakpoint R";"eng-gb";1984;8.4032531579814;10.3943876397948;-0.931852757449839;-0.466106679482175;-0.271543381645565;17.7802959176259
"Double Breakpoint R";"eng-gb";1985;8.42847983035075;10.3896943281096;-0.930754510142052;-0.469774645584499;-0.263511768766462;17.8380850830445
"Double Breakpoint R";"eng-gb";1986;8.42921878067497;10.4274484388332;-0.932807426028523;-0.478772583799401;-0.26663770767008;17.9133101382904
"Double Breakpoint R";"eng-gb";1987;8.43107210255401;10.433354873681;-0.931748068965941;-0.480977220733556;-0.264520093978123;17.8695168616177
"Double Breakpoint R";"eng-gb";1988;8.4031054832292;10.422765016219;-0.930134251570526;-0.488274321388256;-0.255417562486289;17.9019666608061
"Double Breakpoint R";"eng-gb";1989;8.42030662927804;10.3911440464927;-0.929902381632474;-0.481548254716033;-0.251759241148639;17.9917673433967
"Double Breakpoint R";"eng-gb";1990;8.42697024942127;10.3884159392129;-0.931699821070375;-0.490887994177684;-0.233062471557233;18.0378893566044
"Double Breakpoint R";"eng-gb";1991;8.39202072597742;10.3781716034603;-0.930274041659156;-0.477856011824818;-0.263657295112189;17.9427631279667
"Double Breakpoint R";"eng-gb";1992;8.39310730105385;10.3275866934472;-0.927451578060988;-0.479886177381621;-0.250854453765212;18.0471587257911
"Double Breakpoint R";"eng-gb";1993;8.37552078304669;10.2788292926205;-0.927131864334883;-0.479498873126716;-0.256458266351692;18.0218145873756
"Double Breakpoint R";"eng-gb";1994;8.36347412324758;10.271632337577;-0.924643399781197;-0.470118127802326;-0.260348045905708;18.1135572295145
"Double Breakpoint R";"eng-gb";1995;8.40723178612415;10.2591343513224;-0.928172940586407;-0.478251298233693;-0.251810624031089;18.1681650170805
"Double Breakpoint R";"eng-gb";1996;8.37617790689825;10.2256661073145;-0.925992209184235;-0.476277433651557;-0.253103666946956;18.2923457466575
"Double Breakpoint R";"eng-gb";1997;8.35409663919588;10.2076804334748;-0.922688856450604;-0.475697904202752;-0.255010532933357;18.2424780307358
"Double Breakpoint R";"eng-gb";1998;8.36499901897126;10.192945282236;-0.92525959441567;-0.477921617585943;-0.248594054898889;18.3680002471154
"Double Breakpoint R";"eng-gb";1999;8.37780026844923;10.2321692015941;-0.924162807971111;-0.48368916836868;-0.245952457959057;18.4117853097045
"Double Breakpoint R";"eng-gb";2000;8.33344690071633;10.1221595500768;-0.91922948232422;-0.479843283297246;-0.245862121367694;18.5722931842947
"Double Breakpoint R";"eng-gb";1800;8.24418759006874;9.83142187281613;-0.985640456826219;-0.357358618248387;-0.361448197045441;15.7041026096064
"Double Breakpoint R";"eng-gb";1801;8.28954895658754;9.80636319642346;-0.995136950945746;-0.378407668703169;-0.385635172959064;16.0458476085177
"Double Breakpoint R";"eng-gb";1802;8.24163908882416;9.78302250745044;-0.970908867574215;-0.410445534418881;-0.388389376681266;15.6924169908925
"Double Breakpoint R";"eng-gb";1803;8.2532320012706;9.82886076123118;-0.996808908675194;-0.381022205857591;-0.398836613839469;16.0134560727512
"Double Breakpoint R";"eng-gb";1804;8.21245515613502;9.72601323593286;-0.976409149705939;-0.392833929554932;-0.377296970683123;15.8373712924083
"Double Breakpoint R";"eng-gb";1805;8.29347135844422;9.80495662367467;-0.986075609283801;-0.395904299333379;-0.361366743213103;16.0461611009307
"Double Breakpoint R";"eng-gb";1806;8.26559101422813;9.74034653454192;-0.982018082357749;-0.361373880542904;-0.40727523984731;16.1816321853845
"Double Breakpoint R";"eng-gb";1807;8.33147830509404;9.79585093104414;-0.982745529599678;-0.365324426078881;-0.371883503253825;16.2788674055494
"Double Breakpoint R";"eng-gb";1808;8.29582313540845;9.86773480316816;-1.00696903036199;-0.371231885305808;-0.363623557328858;16.4235822381052
"Double Breakpoint R";"eng-gb";1809;8.27746251464027;9.81046205186141;-0.992053015686021;-0.384888787537783;-0.374840455531971;16.2455992187312
"Double Breakpoint R";"eng-gb";1810;8.37979363030884;9.92632085936248;-0.991291046347437;-0.368697079332397;-0.369940028646058;16.6452040177976
"Double Breakpoint R";"eng-gb";1811;8.35347503122254;9.88611646836877;-1.01242472072711;-0.395178084354963;-0.379764437078638;16.5489340198933
"Double Breakpoint R";"eng-gb";1812;8.22991360112287;9.72488717451718;-1.00846789261505;-0.378351452513537;-0.380245971999229;16.6444092443207
"Double Breakpoint R";"eng-gb";1813;8.21515736689458;9.76211545663673;-0.989451237109917;-0.356027663001116;-0.447433505970294;16.4068596184328
"Double Breakpoint R";"eng-gb";1814;8.22831263940796;9.71184075434041;-0.992047082361449;-0.37779364669959;-0.366778955492209;16.3599811375271
"Double Breakpoint R";"eng-gb";1815;8.20529144975967;9.78361229589439;-0.990740582801355;-0.389545815989436;-0.394305627061304;16.3387011426388
"Double Breakpoint R";"eng-gb";1816;8.2944556259783;9.79132097782361;-0.987021163334809;-0.39990498086889;-0.413512445474348;16.3616676234481
"Double Breakpoint R";"eng-gb";1817;8.19899271896377;9.73071754449434;-0.984838944061822;-0.415562852646699;-0.403190013271854;16.3566553868731
"Double Breakpoint R";"eng-gb";1818;8.27196938770551;9.73928635057146;-0.983506049017682;-0.413038095874026;-0.378741277663423;16.3647398046886
"Double Breakpoint R";"eng-gb";1819;8.25681833805275;9.76440057190083;-0.984792316226252;-0.403739875205602;-0.387150827230304;16.2873258869394
"Double Breakpoint R";"eng-gb";1820;8.25179883076419;9.74420835315002;-0.991084403047111;-0.419703306062369;-0.42239398698235;16.7059071290447
"Double Breakpoint R";"eng-gb";1821;8.34874042740553;9.82370890383088;-0.992633333269967;-0.379618064465783;-0.379444024054569;16.5079932606671
"Double Breakpoint R";"eng-gb";1822;8.27494735205058;9.76778164570373;-0.993453635161268;-0.396014632396635;-0.38602988047957;16.7587575317347
"Double Breakpoint R";"eng-gb";1823;8.22263611128089;9.69553595839268;-0.995914908055363;-0.383749875613968;-0.400155133670654;16.7863824135048
"Double Breakpoint R";"eng-gb";1824;8.24869479994184;9.72217260048441;-0.996486979045571;-0.377990127864925;-0.40507746661887;16.9705447788933
"Double Breakpoint R";"eng-gb";1825;8.29701931578754;9.77885908666624;-0.988769330364055;-0.39481567147453;-0.405501212212197;16.9842154497844
"Double Breakpoint R";"eng-gb";1826;8.31483755942116;9.80928972286308;-0.991642595356625;-0.392975207216844;-0.409168026187226;16.7894302989847
"Double Breakpoint R";"eng-gb";1827;8.29596609664918;9.80748729713077;-0.986033820428026;-0.393313570134578;-0.410079014633583;16.6681726776021
"Double Breakpoint R";"eng-gb";1828;8.28365621790307;9.78587998407395;-0.986744731335146;-0.400490640082319;-0.403313712161963;16.7556609768827
"Double Breakpoint R";"eng-gb";1829;8.27344679254916;9.73583851887461;-0.985000262330805;-0.387734457728376;-0.385145500237851;16.7022092258203
"Double Breakpoint R";"eng-gb";1830;8.34187574227639;9.77203820991115;-0.999133065726847;-0.4069961282278;-0.377069780027664;17.0788150943917
"Double Breakpoint R";"eng-gb";1831;8.3412514414824;9.81147057888355;-0.987352773470164;-0.433114163733203;-0.403194328613863;16.7632617838747
"Double Breakpoint R";"eng-gb";1832;8.37826673007707;9.87196350329075;-0.993578143058273;-0.421883623892549;-0.390379326759847;16.7872197829291
"Double Breakpoint R";"eng-gb";1833;8.38719503495395;9.88380596602396;-0.99511109444066;-0.413578947509884;-0.409108024624;16.8553581015978
"Double Breakpoint R";"eng-gb";1834;8.27615824230691;9.69195123923894;-0.975471782016884;-0.364741476329534;-0.407763106235111;16.6995724243601
"Double Breakpoint R";"eng-gb";1835;8.30737907757437;9.78230153268674;-0.980768897996427;-0.415824500987023;-0.398602952119983;16.8278951423691
"Double Breakpoint R";"eng-gb";1836;8.38639896438001;9.80440832669009;-0.987624315332701;-0.430768887973089;-0.39531465912783;16.8173334814658
"Double Breakpoint R";"eng-gb";1837;8.29207540749415;9.81917813680383;-0.989608361087328;-0.383228721625156;-0.386982114418793;16.9736964513864
"Double Breakpoint R";"eng-gb";1838;8.33772611420873;9.8165135393096;-0.98655700893727;-0.402682074240678;-0.368884397555281;17.007699320831
"Double Breakpoint R";"eng-gb";1839;8.44724315899262;9.86283416186001;-1.00962721426479;-0.422118171183084;-0.334250505625692;17.2408000896165
"Double Breakpoint R";"eng-gb";1840;8.36690976032375;9.83444852123118;-0.994654982260519;-0.404924260781703;-0.361596870451343;17.1760089381586
"Double Breakpoint R";"eng-gb";1841;8.45201282848132;9.95371449752481;-1.00021499985163;-0.420030799327656;-0.347156322886087;17.0623099232473
"Double Breakpoint R";"eng-gb";1842;8.41223054132996;9.92674383058054;-1.00128543742049;-0.400821748920846;-0.38697854515642;17.0108882908968
"Double Breakpoint R";"eng-gb";1843;8.38735666218458;9.89101044159184;-1.0049245585789;-0.391750757287952;-0.365161877408756;17.113944081749
"Double Breakpoint R";"eng-gb";1844;8.42222084113096;9.92078658868202;-1.00766324108571;-0.398026274191384;-0.38070451209946;17.2346934252233
"Double Breakpoint R";"eng-gb";1845;8.40156072157065;9.87677538533974;-0.999343103523813;-0.38779111908639;-0.370074737083152;17.2402007675436
"Double Breakpoint R";"eng-gb";1846;8.41549105541649;9.87173093130496;-0.992732260222236;-0.399496274760297;-0.377572813023311;17.1144876015245
"Double Breakpoint R";"eng-gb";1847;8.34723049053503;9.87129461891215;-0.987024133045826;-0.390910224951651;-0.369121561447414;17.1125513011783
"Double Breakpoint R";"eng-gb";1848;8.37504793264901;9.73770528821826;-0.993339679246872;-0.375865971414057;-0.355644774255175;17.1575310343391
"Double Breakpoint R";"eng-gb";1849;8.37166441409516;9.83007683734346;-0.986278428571229;-0.391656413729485;-0.384726579949878;17.0537593977626
"Double Breakpoint R";"eng-gb";1850;8.38635645255239;9.84008759115289;-0.988389969846343;-0.373146930327108;-0.394230383862136;17.166773204683
"Double Breakpoint R";"eng-gb";1851;8.44407273733493;9.9725940856115;-0.99360732354582;-0.402810409192251;-0.387839689300599;17.1883806659166
"Double Breakpoint R";"eng-gb";1852;8.43889947786715;9.87509130220481;-0.993781404061375;-0.405997461818995;-0.356628649065487;17.3094343166073
"Double Breakpoint R";"eng-gb";1853;8.42598565576507;9.89999224221315;-0.994256321975653;-0.403095095902369;-0.372881130194475;17.4412200202674
"Double Breakpoint R";"eng-gb";1854;8.47697772608009;9.91990230723794;-0.993195624935359;-0.404355634282521;-0.384930728435699;17.443939437182
"Double Breakpoint R";"eng-gb";1855;8.45398172538282;9.88309274734504;-0.988765862238034;-0.396157199047441;-0.355983662134734;17.2559907611776
"Double Breakpoint R";"eng-gb";1856;8.5843883864338;10.0388650001898;-1.00359644481774;-0.417250901247825;-0.376006374335333;17.3036219415783
"Double Breakpoint R";"eng-gb";1857;8.48196260153035;9.94163203001605;-0.995060921284362;-0.379096066215083;-0.398024792937853;17.341517233276
"Double Breakpoint R";"eng-gb";1858;8.49713915124793;10.0107447121028;-0.988277675621184;-0.394418297009169;-0.374567459996858;17.2528341539149
"Double Breakpoint R";"eng-gb";1859;8.50131292203222;9.98948477211462;-0.992047370183072;-0.41226872459302;-0.391279730698431;17.2283295607525
"Double Breakpoint R";"eng-gb";1860;8.539058363825;10.0280985019709;-0.996380587206297;-0.412287349537118;-0.379215162174403;17.2818128807495
"Double Breakpoint R";"eng-gb";1861;8.51615836330908;9.98622852333933;-1.00124907615584;-0.399309517029709;-0.397310771480996;17.203241940965
"Double Breakpoint R";"eng-gb";1862;8.57949823315105;10.0330886715841;-1.00981677879511;-0.42100745001636;-0.362591651120302;17.314905181448
"Double Breakpoint R";"eng-gb";1863;8.48197421757417;9.94227988866506;-1.00534716983676;-0.391976892268495;-0.393457273724142;17.1980857853521
"Double Breakpoint R";"eng-gb";1864;8.68485908115022;10.1295337923045;-1.01017090071509;-0.414587733454033;-0.368091983167628;17.2663162119726
"Double Breakpoint R";"eng-gb";1865;8.63292891005744;10.065474138593;-1.00725455876564;-0.403828384699936;-0.340328673447143;17.3842881592771
"Double Breakpoint R";"eng-gb";1866;8.67020441006814;10.1550574997432;-1.01357796376518;-0.417418305878473;-0.347030755177736;17.3925612647545
"Double Breakpoint R";"eng-gb";1867;8.62031686281437;10.0600188244911;-1.0047817716827;-0.413453922730045;-0.329607825825199;17.3688928947908
"Double Breakpoint R";"eng-gb";1868;8.63823648136855;10.0713136580244;-1.01354454186474;-0.397041193645536;-0.333712004784123;17.4281863274097
"Double Breakpoint R";"eng-gb";1869;8.74268739480191;10.1832306240772;-1.0207793454698;-0.421443397953286;-0.298824985808973;17.5301652290507
"Double Breakpoint R";"eng-gb";1870;8.63505557227484;10.0385373407407;-1.01532672475681;-0.404313226849836;-0.337315910198229;17.4955384619722
"Double Breakpoint R";"eng-gb";1871;8.65190250478157;10.1661975426046;-1.01283906611103;-0.409030464597757;-0.346932996190162;17.4547100097433
"Double Breakpoint R";"eng-gb";1872;8.61905385326931;10.1258711457353;-1.00712828328286;-0.413471871528382;-0.338166422237365;17.4170706929502
